Sector,거래량,거래대금,공매도거래대금,개인_순매수량,개인_순매수대금,외국인_순매수량,외국인_순매수대금,기관합계_순매수량,기관합계_순매수대금,금융투자_순매수량,금융투자_순매수대금,보험_순매수량,보험_순매수대금,투신_순매수량,투신_순매수대금,은행_순매수량,은행_순매수대금,연기금_순매수량,연기금_순매수대금,사모_순매수량,사모_순매수대금,기타법인_순매수량,기타법인_순매수대금,기타외국인_순매수량,기타외국인_순매수대금,종목수
1차 비철금속 제조업,13066019.0,164668397562.0,7434850703.0,-906703.0,-17137951264.0,650404.0,-22776749202.0,289736.0,39915686587.0,55854.0,795419269.0,6831.0,1277377550.0,75721.0,2620837610.0,0.0,0.0,41930.0,22280668450.0,109401.0,12941464408.0,-37250.0,-39295819.0,3813.0,38309698.0,23
1차 철강 제조업,28461742.0,231483346700.0,13985487897.0,-1016505.0,-8671253872.0,622468.0,-3861560899.0,201585.0,18550163882.0,146181.0,13329058207.0,15357.0,1606122240.0,53730.0,3973264020.0,3806.0,951224450.0,-49983.0,919688970.0,33475.0,-2201325855.0,172719.0,-5819870118.0,19733.0,-197478993.0,61
ETF,11041173.0,249902806156.0,0.0,-121593.0,-4589621864.0,383669.0,4704574690.0,-285603.0,269774964.0,-145279.0,-16128693774.0,18202.0,5316499324.0,-73010.0,13042861861.0,-86655.0,-1974074306.0,0.0,0.0,1139.0,13181859.0,31967.0,-322619296.0,-8440.0,-62108494.0,7
가구 제조업,486053.0,1251913563.0,53495179.0,75989.0,263285649.0,-66957.0,-256509647.0,-666.0,8055806.0,1381.0,10531701.0,0.0,0.0,0.0,0.0,0.0,0.0,-2043.0,-2343595.0,-4.0,-132300.0,-5976.0,-10768262.0,-2390.0,-4063546.0,9
가전제품 및 정보통신장비 소매업,12268.0,72572585.0,737270.0,2285.0,12265810.0,-2732.0,-15188690.0,427.0,2794680.0,427.0,2794680.0,0.0,0.0,0.0,0.0,0.0,0.0,0.0,0.0,0.0,0.0,0.0,0.0,20.0,128200.0,2
가정용 기기 제조업,2383527.0,16872146130.0,746600431.0,-161931.0,-2152602051.0,128180.0,917792636.0,27900.0,935447807.0,20644.0,866424992.0,0.0,0.0,-929.0,8446660.0,0.0,0.0,-726.0,-52314400.0,8911.0,112890555.0,7277.0,306454245.0,-1426.0,-7092637.0,9
"가죽, 가방 및 유사제품 제조업",143750.0,1508071433.0,26095100.0,-6108.0,120863074.0,43830.0,376096105.0,-44751.0,-589745529.0,-125.0,-2109844.0,-24323.0,-320739525.0,-1050.0,-13858360.0,34.0,1882500.0,-10158.0,-134200300.0,-9129.0,-120720000.0,7098.0,93686970.0,-69.0,-900620.0,5
개인 및 가정용품 수리업,0.0,0.0,0.0,0.0,0.0,0.0,0.0,0.0,0.0,0.0,0.0,0.0,0.0,0.0,0.0,0.0,0.0,0.0,0.0,0.0,0.0,0.0,0.0,0.0,0.0,2
개인 및 가정용품 임대업,6892.0,148716700.0,626400.0,2248.0,48454050.0,-336.0,-7257500.0,-1939.0,-41779550.0,34.0,724800.0,-36.0,-774575.0,-200.0,-4324150.0,0.0,0.0,-1737.0,-37405625.0,0.0,0.0,12.0,259750.0,15.0,323250.0,1
건물 건설업,25073743.0,487155542092.0,13498590927.0,-336024.0,-18945612125.0,-952838.0,-15170545690.0,1301739.0,34209356373.0,216852.0,3532234058.0,71334.0,2116904950.0,204025.0,6548326975.0,588.0,1319210.0,521401.0,13469089830.0,286877.0,8518607675.0,-19789.0,-97524133.0,6912.0,4325575.0,26
건물설비 설치 공사업,40502.0,644246135.0,5208850.0,-2710.0,-79005465.0,-1934.0,-23778005.0,4559.0,100856870.0,61.0,-625430.0,0.0,0.0,-40.0,-900000.0,0.0,0.0,4538.0,102382300.0,0.0,0.0,100.0,2264850.0,-15.0,-338250.0,2
"건축기술, 엔지니어링 및 관련 기술 서비스업",4071091.0,111833576076.0,4893815927.0,-503731.0,-4268954991.0,251743.0,-6589978139.0,241314.0,10510423887.0,118834.0,6314249457.0,-1572.0,-167821520.0,43407.0,588797940.0,0.0,0.0,26416.0,1281948885.0,49235.0,2397863320.0,18325.0,448705120.0,-7651.0,-100195877.0,16
"건축자재, 철물 및 난방장치 도매업",1127038.0,790294031.0,6610394.0,8943.0,4091384.0,-7245.0,-2897837.0,-1828.0,-1284240.0,5.0,3450.0,0.0,0.0,-1833.0,-1287690.0,0.0,0.0,0.0,0.0,0.0,0.0,0.0,0.0,130.0,90693.0,1
"경비, 경호 및 탐정업",65451.0,4995465700.0,342124400.0,2159.0,164398500.0,-7751.0,-587980900.0,5558.0,421025400.0,5465.0,413711500.0,313.0,23698500.0,-263.0,-19908200.0,0.0,0.0,0.0,291700.0,42.0,3156000.0,33.0,2482100.0,1.0,74900.0,1
고무제품 제조업,9823173.0,83990426146.0,6169397651.0,1561818.0,12800283539.0,-1174085.0,-9534718897.0,-316772.0,-2821418267.0,-93331.0,80035308.0,4032.0,44716690.0,-4791.0,-755644220.0,505.0,3229410.0,-206171.0,-2049921680.0,-17016.0,-143833775.0,-77008.0,-488975500.0,6047.0,44829125.0,9
"곡물가공품, 전분 및 전분제품 제조업",1545575.0,2666734112.0,9304850.0,-189988.0,-357885159.0,173396.0,298790165.0,-4210.0,-1634263.0,-1388.0,-2292380.0,0.0,0.0,-3340.0,-2252538.0,518.0,2910655.0,0.0,0.0,0.0,0.0,23274.0,63028353.0,-2472.0,-2299096.0,7
"골판지, 종이 상자 및 종이용기 제조업",678777.0,1682892559.0,17401820.0,-100728.0,-236878802.0,93248.0,172558630.0,9401.0,65699895.0,12006.0,56319486.0,0.0,0.0,-4130.0,-2918301.0,0.0,0.0,1525.0,12298710.0,0.0,0.0,-2965.0,-3438730.0,1044.0,2059007.0,9
"과실, 채소 가공 및 저장 처리업",94725.0,487021194.0,38910.0,6441.0,32854413.0,-1230.0,-1751107.0,-840.0,-1547280.0,-840.0,-1547280.0,0.0,0.0,0.0,0.0,0.0,0.0,0.0,0.0,0.0,0.0,-5861.0,-39524326.0,1490.0,9968300.0,3
광고업,9034058.0,55540423033.0,955034345.0,958344.0,3392938710.0,-1029981.0,-3323327849.0,30678.0,9330332.0,42469.0,445516887.0,2540.0,38580910.0,-6503.0,-267155995.0,0.0,0.0,-6898.0,-177238720.0,-930.0,-30372760.0,18106.0,-279686721.0,22853.0,200745528.0,19
교육지원 서비스업,29769.0,65205560.0,13470.0,40.0,234615.0,-40.0,-231940.0,0.0,-2675.0,0.0,-2675.0,0.0,0.0,0.0,0.0,0.0,0.0,0.0,0.0,0.0,0.0,0.0,0.0,0.0,0.0,1
"구조용 금속제품, 탱크 및 증기발생기 제조업",6229259.0,46233019255.0,1519832868.0,-1018503.0,-10193846660.0,882180.0,6913956529.0,133707.0,3475182933.0,20298.0,480692453.0,76097.0,1985529800.0,44695.0,976661245.0,70.0,993110.0,1152.0,378648500.0,-8715.0,-352270425.0,24020.0,-193046701.0,-21404.0,-2246101.0,22
귀금속 및 장신용품 제조업,203511.0,155797207.0,3211808.0,4615.0,11558403.0,-1455.0,-9420901.0,-3660.0,-2411927.0,-328.0,-581722.0,0.0,0.0,-3332.0,-1830205.0,0.0,0.0,0.0,0.0,0.0,0.0,500.0,274425.0,0.0,0.0,2
그외 기타 개인 서비스업,236197.0,21848854850.0,2051894100.0,7910.0,664501100.0,-37190.0,-3381789150.0,-26.0,4054850.0,13350.0,1245619250.0,-1800.0,-166274900.0,-2556.0,-236974100.0,0.0,0.0,-24208.0,-2248114200.0,15137.0,1405141400.0,29213.0,2704774700.0,93.0,8458500.0,1
그외 기타 운송장비 제조업,370721.0,40621413300.0,3122801589.0,-20662.0,-1928012984.0,7090.0,-734680123.0,12000.0,2335350650.0,31253.0,5211170110.0,987.0,147697800.0,-4276.0,-640903600.0,0.0,0.0,-15871.0,-2369065650.0,-91.0,-13235900.0,1439.0,288047640.0,133.0,39294817.0,5
"그외 기타 전문, 과학 및 기술 서비스업",1063503.0,24973994769.0,1551118387.0,-201728.0,-4540091777.0,175589.0,2198141417.0,31087.0,2332340707.0,25008.0,1292207047.0,-387.0,24604850.0,12578.0,935582610.0,0.0,0.0,6382.0,470186000.0,-12494.0,-390238200.0,-4818.0,12817960.0,-130.0,-3208307.0,16
그외 기타 제품 제조업,473711.0,1642234985.0,31036778.0,-64318.0,-309485560.0,58191.0,302554471.0,6130.0,6341029.0,6130.0,6341029.0,0.0,0.0,0.0,0.0,0.0,0.0,0.0,0.0,0.0,0.0,-107.0,-1300300.0,104.0,1890360.0,10
금속 주조업,855497.0,1955839861.0,372088.0,-36937.0,-50929738.0,39331.0,53379308.0,-2489.0,-2920197.0,-2489.0,-2920197.0,0.0,0.0,0.0,0.0,0.0,0.0,0.0,0.0,0.0,0.0,-11.0,-32175.0,106.0,502802.0,3
금융 지원 서비스업,35973278.0,259711563447.0,13700512300.0,-889379.0,-45871549087.0,975039.0,20855533212.0,-36268.0,25436623243.0,243730.0,11702530323.0,-15454.0,1672939785.0,80360.0,3498904438.0,14999.0,81591270.0,-242645.0,-1005007026.0,-119049.0,9319502803.0,-78279.0,-404418069.0,28887.0,-16189299.0,90
기계장비 및 관련 물품 도매업,12703704.0,89554193678.0,3202832016.0,193358.0,-1166843610.0,-250945.0,-3386787513.0,12223.0,4516663359.0,31751.0,2788807129.0,-2.0,-283000.0,8723.0,1233270070.0,0.0,0.0,7550.0,1063687450.0,-35798.0,-568676390.0,48222.0,36132142.0,-2858.0,835622.0,24
기록매체 복제업,48285.0,53770120.0,633384.0,-9075.0,-10084827.0,8854.0,9838608.0,221.0,246219.0,221.0,246219.0,0.0,0.0,0.0,0.0,0.0,0.0,0.0,0.0,0.0,0.0,0.0,0.0,0.0,0.0,1
기반조성 및 시설물 축조관련 전문공사업,257180.0,963163489.0,17067990.0,-29684.0,-153858324.0,28881.0,115202654.0,2402.0,43043390.0,2409.0,43168820.0,0.0,0.0,0.0,0.0,0.0,0.0,0.0,0.0,-7.0,-125430.0,28.0,560520.0,-1627.0,-4948240.0,3
기초 의약물질 제조업,14083948.0,452953237443.0,36067808824.0,-320208.0,-55959804445.0,1007630.0,25122240843.0,297459.0,35072126702.0,350254.0,28971167101.0,10397.0,1474862500.0,74038.0,4222898580.0,2748.0,551091000.0,6214.0,-3980483640.0,-135768.0,5906068311.0,-979662.0,-4051307738.0,-5219.0,-183255362.0,48
기초 화학물질 제조업,20435112.0,547000381106.0,24197051057.0,-988937.0,-25249898929.0,471538.0,16747398231.0,470672.0,7643498827.0,231922.0,16634374194.0,-4889.0,-254793460.0,262648.0,7627290632.0,102.0,6208050.0,-106610.0,-15577334059.0,87539.0,-788321750.0,46815.0,1146320050.0,-88.0,-287318179.0,51
기타 과학기술 서비스업,439245.0,1909304240.0,5210110.0,-56998.0,-252595118.0,66235.0,296277643.0,-1323.0,-4572840.0,-1323.0,-4572840.0,0.0,0.0,0.0,0.0,0.0,0.0,0.0,0.0,0.0,0.0,-6962.0,-34494710.0,-952.0,-4614975.0,5
기타 교육기관,4043.0,55120600.0,439300.0,315.0,-1689182.0,-570.0,2216292.0,319.0,1082490.0,319.0,1082490.0,0.0,0.0,0.0,0.0,0.0,0.0,0.0,0.0,0.0,0.0,-64.0,-1609600.0,0.0,0.0,2
기타 금속 가공제품 제조업,2848786.0,29991630580.0,1267107962.0,-224483.0,-127965762.0,307616.0,785441021.0,-79372.0,-556984017.0,3181.0,130853463.0,409.0,13234725.0,14275.0,282750255.0,0.0,0.0,2376.0,182060900.0,-48543.0,-855649400.0,-7794.0,-105533915.0,4033.0,5042673.0,26
기타 금융업,43220975.0,1626853618721.0,134022088111.0,2365979.0,-11180808398.0,-3058533.0,-12001887387.0,721611.0,25829316679.0,1056015.0,95911416121.0,-48336.0,404643685.0,-252924.0,-39324221922.0,-68008.0,-3528424123.0,-74596.0,-34796859050.0,-58376.0,-7014132572.0,-37205.0,-2815815165.0,8148.0,169194271.0,104
기타 비금속 광물제품 제조업,1884535.0,24663397735.0,2330598080.0,-294533.0,-4244204872.0,190250.0,-2679323238.0,86966.0,6950844019.0,61580.0,1566863120.0,10678.0,2154753250.0,8593.0,1644646835.0,0.0,0.0,3386.0,1116027034.0,2750.0,472621280.0,19382.0,-1662008.0,-2065.0,-25653901.0,9
기타 사업지원 서비스업,137921.0,997750587.0,19884425.0,12110.0,61582457.0,-11461.0,-60072867.0,737.0,3096985.0,703.0,3284050.0,-9.0,-108710.0,-17.0,-205680.0,0.0,0.0,0.0,0.0,61.0,228925.0,-1641.0,-15118290.0,255.0,10511715.0,8
기타 상품 전문 소매업,481040.0,11795893265.0,516186460.0,-160488.0,-5047294255.0,115105.0,3927623955.0,46126.0,1077943585.0,52945.0,1410483945.0,769.0,33909375.0,-5807.0,-270232995.0,0.0,0.0,0.0,-812900.0,-1780.0,-95359790.0,802.0,61520850.0,-1545.0,-19794135.0,3
기타 생활용품 소매업,142879.0,143024516.0,1277613.0,-10385.0,-7171061.0,10385.0,7171644.0,0.0,-583.0,0.0,-583.0,0.0,0.0,0.0,0.0,0.0,0.0,0.0,0.0,0.0,0.0,0.0,0.0,0.0,0.0,2
기타 섬유제품 제조업,122547.0,607170557.0,610330.0,-21778.0,-139155035.0,14007.0,122047893.0,0.0,0.0,0.0,0.0,0.0,0.0,0.0,0.0,0.0,0.0,0.0,0.0,0.0,0.0,8192.0,17919682.0,-421.0,-812540.0,3
기타 식품 제조업,5564426.0,149334123439.0,4749548718.0,-784034.0,6259508503.0,761969.0,31227832255.0,70270.0,-36852946516.0,20027.0,4323080214.0,17977.0,678546790.0,57287.0,-2378907230.0,1627.0,25511675.0,-22771.0,-2430728855.0,595.0,-37090053775.0,-44611.0,-592481325.0,-3594.0,-41912917.0,34
기타 운송관련 서비스업,478237.0,42411378400.0,1087389858.0,-3505.0,8288519771.0,18072.0,-5806415845.0,-12083.0,-2287965191.0,20938.0,4196796309.0,-4247.0,-844635950.0,-16381.0,-3275068150.0,1.0,198700.0,-10262.0,-1936428300.0,-2131.0,-428616000.0,-2802.0,-202419780.0,318.0,8281045.0,6
기타 전기장비 제조업,2550700.0,40218151623.0,1956031040.0,-179500.0,-3145324780.0,100284.0,-57489504.0,78786.0,3186156655.0,86372.0,3258115570.0,12965.0,469787475.0,-7870.0,-87513475.0,0.0,0.0,-10735.0,-396563950.0,-1945.0,-57631715.0,650.0,-3230220.0,-220.0,19887849.0,12
기타 전문 도매업,8545934.0,130170672162.0,2876867117.0,-388667.0,1432008755.0,305513.0,7860759120.0,7195.0,-10549725960.0,159630.0,10579961211.0,-10492.0,-143409190.0,-52780.0,-16802036475.0,-3980.0,-1345634500.0,-37187.0,-7150651628.0,-49264.0,4001401472.0,46950.0,691943199.0,29009.0,565014886.0,35
기타 전문 서비스업,36076.0,325690350.0,3920380.0,-9160.0,-61328020.0,7375.0,56301420.0,2968.0,22595800.0,994.0,7566230.0,-17.0,-133430.0,995.0,7578390.0,0.0,0.0,0.0,0.0,996.0,7584610.0,-1183.0,-17569200.0,0.0,0.0,2
기타 정보 서비스업,1404548.0,9232017422.0,302825679.0,-157479.0,-1696148310.0,120454.0,975305512.0,36848.0,518623395.0,17265.0,210107475.0,80.0,1236780.0,14286.0,222884430.0,0.0,0.0,3801.0,58097090.0,1416.0,26297620.0,7488.0,241679767.0,-7311.0,-39460364.0,19
기타 종이 및 판지 제품 제조업,518406.0,1235800203.0,1802982.0,-130613.0,-281879406.0,110932.0,231567703.0,17177.0,62141670.0,-823.0,-3390690.0,0.0,0.0,0.0,0.0,0.0,0.0,0.0,0.0,18000.0,65532360.0,2123.0,-12400830.0,381.0,570863.0,3
기타 화학제품 제조업,13796947.0,394344454958.0,23387348743.0,-1033779.0,-16814539446.0,527040.0,38964248090.0,356587.0,-20160367991.0,361381.0,15782294564.0,-7574.0,-3225975070.0,19615.0,-11672206035.0,13159.0,4718050380.0,-163723.0,-19478972600.0,165073.0,-5853728330.0,159183.0,-1304561334.0,-9031.0,-684779319.0,95
기타/미분류,3576295.0,418656966587.0,4345997345.0,-201101.0,-3596875523.0,151315.0,2285280634.0,51670.0,2241829657.0,-17009.0,-2727287293.0,-4535.0,-1221975600.0,51270.0,8962965380.0,173.0,34590300.0,-15388.0,-1478845850.0,38387.0,-1325155610.0,17.0,-883351470.0,-1901.0,-46883298.0,113
나무제품 제조업,685022.0,5711870290.0,58503680.0,9206.0,94216095.0,-22323.0,-203165895.0,8714.0,72671905.0,8471.0,70699315.0,0.0,0.0,141.0,1142270.0,0.0,0.0,0.0,0.0,102.0,830320.0,3257.0,26762460.0,1146.0,9515435.0,2
"내화, 비내화 요업제품 제조업",311683.0,917377780.0,2999405.0,-30652.0,-114252526.0,32927.0,127318177.0,-4756.0,-20507215.0,-4756.0,-20507215.0,0.0,0.0,0.0,0.0,0.0,0.0,0.0,0.0,0.0,0.0,349.0,1752770.0,2132.0,5688794.0,7
담배 제조업,249843.0,46119591550.0,3953056500.0,9768.0,1767177650.0,-30810.0,-5657411950.0,19759.0,3653250700.0,26084.0,4816152100.0,2974.0,548939500.0,1045.0,192852100.0,0.0,0.0,-19876.0,-3659437900.0,9433.0,1736499800.0,1250.0,230955200.0,33.0,6028400.0,1
도로 화물 운송업,240617.0,3780682946.0,139326682.0,-6232.0,640264563.0,-10972.0,-1096734490.0,8090.0,453847184.0,5865.0,272181554.0,118.0,9265400.0,-80.0,-6283600.0,0.0,0.0,1658.0,132201100.0,528.0,46407730.0,9341.0,8176068.0,-227.0,-5553325.0,7
도시락 및 식사용 조리식품 제조업,7719.0,55326290.0,0.0,1591.0,11413520.0,-812.0,-5859400.0,-778.0,-5547140.0,-778.0,-5547140.0,0.0,0.0,0.0,0.0,0.0,0.0,0.0,0.0,0.0,0.0,0.0,0.0,-1.0,-6980.0,1
"도축, 육류 가공 및 저장 처리업",501217.0,1024104605.0,11881833.0,-56202.0,-132363893.0,60903.0,142876146.0,-713.0,-1592683.0,-713.0,-1592683.0,0.0,0.0,0.0,0.0,0.0,0.0,0.0,0.0,0.0,0.0,2.0,4530.0,-3990.0,-8924100.0,9
동·식물성 유지 및 낙농제품 제조업,21697.0,1167638525.0,142493180.0,185.0,31523045.0,1568.0,59600055.0,-1480.0,-71645000.0,150.0,7420550.0,-15.0,-1032200.0,-923.0,-54118550.0,0.0,0.0,-688.0,-23638800.0,-4.0,-276400.0,11.0,50300.0,-284.0,-19528400.0,4
동물용 사료 및 조제식품 제조업,2168070.0,5854032428.0,74625127.0,-448195.0,-671188247.0,480881.0,776152988.0,-26305.0,-93068839.0,-1564.0,-5975008.0,0.0,0.0,-1770.0,-11641230.0,0.0,0.0,-20326.0,-58971879.0,-2645.0,-16480722.0,1707.0,4051356.0,-8088.0,-15947258.0,10
"떡, 빵 및 과자류 제조업",3424.0,27922945.0,506390.0,-962.0,-7851315.0,1443.0,11769415.0,-471.0,-3836400.0,-221.0,-1798890.0,0.0,0.0,-250.0,-2037510.0,0.0,0.0,0.0,0.0,0.0,0.0,-10.0,-81700.0,0.0,0.0,1
마그네틱 및 광학 매체 제조업,0.0,0.0,0.0,0.0,0.0,0.0,0.0,0.0,0.0,0.0,0.0,0.0,0.0,0.0,0.0,0.0,0.0,0.0,0.0,0.0,0.0,0.0,0.0,0.0,0.0,1
무기 및 총포탄 제조업,1344265.0,158202393885.0,8754092060.0,-121542.0,-30402654640.0,99549.0,35617917995.0,24225.0,-5732902585.0,-44473.0,-19120701260.0,1102.0,904153000.0,7212.0,4184222350.0,-10.0,-8200000.0,17809.0,-6513906900.0,42602.0,14835512725.0,-1581.0,449334560.0,-651.0,68304670.0,3
무점포 소매업,692582.0,4429533152.0,18783503.0,41488.0,125961671.0,-16345.0,-156474415.0,5535.0,60493582.0,2146.0,23202582.0,0.0,0.0,0.0,0.0,0.0,0.0,0.0,0.0,3390.0,37301860.0,-29170.0,-28947026.0,-1508.0,-1033812.0,4
반도체 제조업,40521974.0,5613282338154.0,332365167113.0,-1890211.0,282653321794.0,1060005.0,-399417256543.0,836599.0,118607803439.0,270105.0,132563701740.0,64723.0,29576983800.0,203620.0,-215505645.0,861.0,443340250.0,-5541.0,-39173922820.0,304585.0,-5415782061.0,8414.0,-3102655492.0,-14807.0,1258786802.0,72
방적 및 가공사 제조업,42505.0,462185450.0,9832610.0,-2805.0,-29777420.0,4919.0,50072330.0,-2220.0,-23535910.0,-2375.0,-25182480.0,0.0,0.0,0.0,0.0,155.0,1646570.0,0.0,0.0,0.0,0.0,106.0,3241000.0,0.0,0.0,2
보험 및 연금관련 서비스업,148788.0,1690572470.0,96148560.0,-41598.0,-462366130.0,-25222.0,-299243615.0,58318.0,670262345.0,47100.0,525869070.0,0.0,0.0,3467.0,44235850.0,0.0,0.0,4245.0,55186260.0,3506.0,44971165.0,8509.0,91416610.0,-7.0,-69210.0,2
보험업,4207329.0,209443784821.0,9058037590.0,-209238.0,-5788990875.0,344567.0,9361965165.0,-117656.0,-3206814520.0,280204.0,15851421308.0,41194.0,655005720.0,6399.0,-14814904515.0,3.0,847500.0,-437755.0,-2762984373.0,-6398.0,-2082993960.0,-15263.0,-282712030.0,-2410.0,-83447740.0,11
봉제의복 제조업,4787749.0,12864554212.0,649829023.0,-833242.0,-636684199.0,790253.0,1164805393.0,29487.0,-567038843.0,96766.0,489282955.0,4787.0,119426990.0,-1953.0,-342321655.0,206.0,3900050.0,-99048.0,-1660823585.0,28729.0,823496402.0,15547.0,39479729.0,-2045.0,-562080.0,28
부동산 임대 및 공급업,7789913.0,31005170333.0,1011250563.0,-706519.0,-3527770664.0,68330.0,-2060226783.0,613676.0,5498158509.0,229304.0,1027831752.0,-10253.0,72122595.0,381549.0,3537843572.0,0.0,0.0,-21493.0,333787510.0,42534.0,613664390.0,13735.0,-7084759.0,10778.0,96923697.0,27
"비료, 농약 및 살균, 살충제 제조업",560830.0,2300354257.0,68033141.0,-25010.0,-284595197.0,16015.0,261325404.0,1590.0,6740776.0,1948.0,10042696.0,0.0,0.0,0.0,0.0,0.0,0.0,-358.0,-3301920.0,0.0,0.0,7684.0,17859487.0,-279.0,-1330470.0,8
비알코올음료 및 얼음 제조업,62065.0,1215209386.0,108766579.0,11.0,360074011.0,1407.0,-215636847.0,-1424.0,-144543300.0,978.0,99760300.0,33.0,3375100.0,-2429.0,-247019700.0,0.0,0.0,0.0,-46300.0,-6.0,-612700.0,-2.0,-204500.0,8.0,310636.0,2
사업시설 유지·관리 서비스업,11597.0,21066027.0,879109.0,-5361.0,-9707450.0,5341.0,9670890.0,20.0,36560.0,20.0,36560.0,0.0,0.0,0.0,0.0,0.0,0.0,0.0,0.0,0.0,0.0,0.0,0.0,0.0,0.0,1
사진장비 및 광학기기 제조업,12541506.0,21982143413.0,569210377.0,-1022474.0,-2071508008.0,1117801.0,2846481055.0,14778.0,-586371484.0,60109.0,40983732.0,-53.0,-677070.0,-34048.0,-416039271.0,-10000.0,-120500000.0,-261.0,-3093670.0,2962.0,-42127335.0,31251.0,55444661.0,-141356.0,-244046224.0,12
산업용 기계 및 장비 임대업,187146.0,850925660.0,5705690.0,-87656.0,-397981768.0,72971.0,331020498.0,16650.0,75916935.0,-182.0,-827350.0,0.0,0.0,0.0,0.0,0.0,0.0,0.0,0.0,16832.0,76744285.0,15.0,68275.0,-1980.0,-9023940.0,1
산업용 농·축산물 및 동·식물 도매업,35281.0,162810895.0,724350.0,-4083.0,-18303110.0,2189.0,9210885.0,-1000.0,-4530000.0,-1000.0,-4530000.0,0.0,0.0,0.0,0.0,0.0,0.0,0.0,0.0,0.0,0.0,2694.0,12728225.0,200.0,894000.0,2
상품 종합 도매업,4220291.0,35290233801.0,1351917911.0,37377.0,3585423462.0,-61035.0,-2446003103.0,-35257.0,-1007675421.0,50443.0,2530313884.0,-6085.0,-204162825.0,-10422.0,-513482575.0,0.0,0.0,-48323.0,-2011126505.0,-20845.0,-808310650.0,58139.0,-112869158.0,776.0,-18875780.0,21
상품 중개업,1031760.0,36184742175.0,3317148180.0,12131.0,5224616360.0,96035.0,-3656362775.0,-112682.0,-1753723375.0,-62944.0,1060133750.0,-8405.0,-457640300.0,-18043.0,-1199514900.0,-803.0,-45147550.0,-12785.0,-619996475.0,-9574.0,-484392750.0,4790.0,177434810.0,-274.0,8034980.0,8
생활용품 도매업,3274467.0,11922216057.0,1105654115.0,-366879.0,-994140836.0,198711.0,-428517168.0,50219.0,1005923412.0,24598.0,1067581333.0,657.0,28544000.0,-4901.0,-216363325.0,0.0,0.0,32.0,-10278400.0,2057.0,52541669.0,124102.0,429162843.0,-6153.0,-12428251.0,17
"서적, 잡지 및 기타 인쇄물 출판업",306962.0,1449371775.0,12021801.0,-50950.0,-167728889.0,25361.0,119063785.0,766.0,7541017.0,814.0,8055067.0,0.0,0.0,0.0,0.0,0.0,0.0,0.0,0.0,-48.0,-514050.0,25021.0,42167535.0,-198.0,-1043448.0,10
석유 정제품 제조업,1096464.0,127502721133.0,6459174585.0,-112852.0,-14399649678.0,1208.0,-406680642.0,244701.0,30849777470.0,67923.0,8326192120.0,19970.0,2594204650.0,35038.0,4277639400.0,9.0,1345300.0,78477.0,10203585550.0,42843.0,5449375550.0,-132872.0,-16020038250.0,-185.0,-23408900.0,5
선박 및 보트 건조업,6971523.0,409282515145.0,83342411725.0,-685083.0,-28071833642.0,138345.0,-25313773378.0,522356.0,52707927050.0,553750.0,11879532190.0,-3308.0,-677074625.0,48164.0,26400154170.0,85.0,28040700.0,-73709.0,12028126170.0,-2939.0,2876991395.0,32614.0,1122958145.0,-8232.0,-445278175.0,14
"섬유, 의복, 신발 및 가죽제품 소매업",1051554.0,4829522089.0,84801015.0,-98224.0,-366085390.0,110007.0,848793582.0,-10608.0,-471427415.0,17243.0,-90144275.0,-20.0,-230050.0,-5855.0,-67305960.0,0.0,0.0,-13621.0,-156368650.0,-8355.0,-157378480.0,-2258.0,-12244125.0,1083.0,963348.0,12
"섬유제품 염색, 정리 및 마무리 가공업",5384.0,5937191.0,0.0,-2916.0,-3209886.0,29.0,30847.0,0.0,0.0,0.0,0.0,0.0,0.0,0.0,0.0,0.0,0.0,0.0,0.0,0.0,0.0,2887.0,3179039.0,0.0,0.0,1
소프트웨어 개발 및 공급업,53687759.0,559853466895.0,18252975356.0,-2476215.0,-12710233274.0,1770275.0,-133164728.0,641273.0,7576310834.0,575913.0,12078016160.0,-2408.0,-355771630.0,-8218.0,-3721081435.0,-49.0,-11858000.0,49408.0,-223549965.0,27956.0,-138054236.0,234418.0,5732045182.0,-169751.0,-464958014.0,180
수산물 가공 및 저장 처리업,307873.0,2915558887.0,43549300.0,-42507.0,-306487307.0,29998.0,181873787.0,10373.0,69759000.0,2062.0,10297040.0,0.0,0.0,0.0,0.0,0.0,0.0,0.0,0.0,8311.0,59461960.0,2358.0,56039550.0,-222.0,-1185030.0,6
스포츠 서비스업,150487.0,385100218.0,7891964.0,-57940.0,-167484861.0,58561.0,168327143.0,-689.0,-1039102.0,-689.0,-1039102.0,0.0,0.0,0.0,0.0,0.0,0.0,0.0,0.0,0.0,0.0,0.0,0.0,68.0,196820.0,3
"시멘트, 석회, 플라스터 및 그 제품 제조업",6946043.0,23031705782.0,313839759.0,-83888.0,-363458861.0,151054.0,698509019.0,-17596.0,-292137233.0,7986.0,114966862.0,123.0,1809410.0,898.0,13416020.0,1177.0,1317462.0,-27149.0,-412394147.0,-631.0,-11252840.0,1349.0,6708633.0,-50919.0,-49621558.0,19
시장조사 및 여론조사업,16649.0,20910304.0,0.0,1101.0,1406165.0,-1101.0,-1406165.0,0.0,0.0,0.0,0.0,0.0,0.0,0.0,0.0,0.0,0.0,0.0,0.0,0.0,0.0,0.0,0.0,0.0,0.0,1
신발 및 신발 부분품 제조업,72839.0,225125827.0,3665630.0,8495.0,29313087.0,9058.0,26961374.0,-17485.0,-56054641.0,-309.0,-846130.0,-5478.0,-17668200.0,-1570.0,-5037460.0,0.0,0.0,-4038.0,-12954374.0,-6090.0,-19548477.0,30.0,93750.0,-98.0,-313570.0,2
신탁업 및 집합투자업,2599681.0,16693470021.0,443798847.0,-241810.0,-878026192.0,115443.0,-474590139.0,113953.0,1289653630.0,48564.0,703067035.0,49940.0,514199365.0,-314183.0,-3213642930.0,-180000.0,-1792728710.0,500000.0,4994544085.0,1632.0,4724785.0,12603.0,62160414.0,-189.0,802287.0,15
실내건축 및 건축마무리 공사업,38819.0,100999994.0,261915.0,-9321.0,-42930916.0,9275.0,41724666.0,-214.0,-5207750.0,-214.0,-5207750.0,0.0,0.0,0.0,0.0,0.0,0.0,0.0,0.0,0.0,0.0,296.0,7281600.0,-36.0,-867600.0,4
악기 제조업,194320.0,221046155.0,104236.0,-22856.0,-26049179.0,22532.0,25542958.0,324.0,506221.0,324.0,506221.0,0.0,0.0,0.0,0.0,0.0,0.0,0.0,0.0,0.0,0.0,0.0,0.0,0.0,0.0,1
알코올음료 제조업,657687.0,2635286027.0,313942850.0,-169919.0,-148521569.0,163290.0,81802199.0,-16985.0,-40776953.0,-12786.0,25058117.0,231.0,3628960.0,-228.0,-3577810.0,0.0,0.0,0.0,5260.0,-4203.0,-65907090.0,26742.0,113618447.0,-3128.0,-6122124.0,10
어로 어업,57657.0,370305435.0,265440.0,-32018.0,-206702430.0,5769.0,42705880.0,-361.0,-1912380.0,-447.0,-2712950.0,0.0,0.0,0.0,0.0,86.0,800570.0,0.0,0.0,0.0,0.0,0.0,0.0,26610.0,165908930.0,2
여행사 및 기타 여행보조 서비스업,391593.0,4429130287.0,458804045.0,-23263.0,-220500805.0,-101050.0,-1309816385.0,111455.0,1409523500.0,-586.0,-530610.0,196.0,2175460.0,-354.0,-4017310.0,0.0,0.0,96443.0,1204976780.0,15757.0,206932290.0,12563.0,117120550.0,295.0,3673140.0,6
연료 소매업,224136.0,993516288.0,11727194.0,-63260.0,-277313567.0,63484.0,278587667.0,-274.0,-1560600.0,-274.0,-1560600.0,0.0,0.0,0.0,0.0,0.0,0.0,0.0,0.0,0.0,0.0,50.0,303500.0,0.0,-17000.0,3
연료용 가스 제조 및 배관공급업,587761.0,10865628785.0,237570470.0,-18479.0,66328977.0,32199.0,-79678089.0,-12597.0,37187027.0,68865.0,1453823892.0,478.0,17020425.0,-64495.0,-688665860.0,0.0,0.0,-17375.0,-742003875.0,-70.0,-2987555.0,-187.0,-587310.0,-936.0,-23250605.0,10
영상 및 음향기기 제조업,1666096.0,8181728541.0,373848443.0,-193792.0,-1370815085.0,57936.0,347003164.0,64093.0,214610470.0,52604.0,80095545.0,-121.0,-1585580.0,-3083.0,-47727750.0,0.0,0.0,0.0,0.0,15493.0,199925255.0,70852.0,816123887.0,911.0,-6922436.0,18
영상·오디오물 제공 서비스업,95543.0,132226078.0,1756.0,-25616.0,-32914039.0,22709.0,29183840.0,0.0,-31059.0,0.0,-31059.0,0.0,0.0,0.0,0.0,0.0,0.0,0.0,0.0,0.0,0.0,0.0,0.0,2907.0,3761258.0,3
"영화, 비디오물, 방송프로그램 제작 및 배급업",2223173.0,14182985257.0,880827667.0,-43026.0,1321682757.0,104600.0,-747530638.0,-64789.0,-479046931.0,-38894.0,491677059.0,20897.0,560559000.0,-27512.0,-399112750.0,0.0,0.0,6549.0,-571706920.0,-17472.0,-462737150.0,9958.0,-57071638.0,-6743.0,-38033550.0,31
오디오물 출판 및 원판 녹음업,671869.0,58918984175.0,4864993690.0,3842.0,5538196151.0,-72937.0,-3140035822.0,69023.0,-2372803279.0,101196.0,7249173721.0,4913.0,285103600.0,23590.0,-69533050.0,0.0,0.0,-49926.0,-7712787600.0,-10743.0,-2124245750.0,-469.0,-92474550.0,541.0,67117500.0,6
운동 및 경기용구 제조업,15855.0,38909205.0,2480.0,11153.0,27411180.0,-11153.0,-27411180.0,0.0,0.0,0.0,0.0,0.0,0.0,0.0,0.0,0.0,0.0,0.0,0.0,0.0,0.0,0.0,0.0,0.0,0.0,1
운송장비 임대업,235388.0,9471752995.0,501641560.0,-28422.0,-993477905.0,-1503.0,-119039460.0,27103.0,991586845.0,149.0,-163859290.0,-2747.0,-114344400.0,-2100.0,-87199675.0,0.0,0.0,-9244.0,-385420100.0,41752.0,1772454510.0,2981.0,124284670.0,-159.0,-3354150.0,2
유리 및 유리제품 제조업,431793.0,8213605913.0,532705930.0,-17713.0,-999622618.0,-7233.0,220286663.0,33277.0,946246670.0,27022.0,840925295.0,-31.0,-879050.0,6079.0,106967150.0,0.0,0.0,-614.0,-15771125.0,823.0,15060000.0,-7752.0,-178569650.0,-579.0,11658935.0,5
유원지 및 기타 오락관련 서비스업,1187900.0,12873015345.0,1418423715.0,585058.0,5748804810.0,-396757.0,-4046108970.0,-193982.0,-1769908310.0,29771.0,390517190.0,-1232.0,-5411130.0,-1509.0,14263300.0,0.0,0.0,-215189.0,-2112566175.0,-5823.0,-56711525.0,2064.0,21539110.0,3617.0,45673360.0,3
육상 여객 운송업,60096.0,1714667180.0,26316100.0,2091.0,-97027565.0,-2409.0,94058200.0,273.0,1145415.0,273.0,1145415.0,0.0,0.0,0.0,0.0,0.0,0.0,0.0,0.0,0.0,0.0,1.0,151600.0,44.0,1672350.0,3
은행 및 저축기관,2702639.0,43806370725.0,4021517330.0,309975.0,7973465920.0,-391351.0,-10909101625.0,107882.0,3175287615.0,189623.0,3694856675.0,33162.0,680627350.0,-37349.0,-531077395.0,-90000.0,-1822980250.0,-71584.0,-689622275.0,84029.0,1843463060.0,-23722.0,-190863160.0,-2784.0,-48788750.0,5
음·식료품 및 담배 도매업,622376.0,3325367104.0,309770360.0,-90504.0,-155671609.0,105800.0,227233048.0,-12683.0,-81013984.0,3803.0,102336155.0,477.0,12627600.0,-19.0,-500875.0,0.0,0.0,-13185.0,-105493414.0,-3760.0,-90009400.0,-3267.0,8418195.0,654.0,1034350.0,9
음·식료품 및 담배 소매업,187213.0,569449900.0,85170.0,-12580.0,-50090555.0,25371.0,75626810.0,0.0,-28050.0,0.0,-28050.0,0.0,0.0,0.0,0.0,0.0,0.0,0.0,0.0,0.0,0.0,-12791.0,-25508205.0,0.0,0.0,1
음식점업,0.0,0.0,0.0,0.0,0.0,0.0,0.0,0.0,0.0,0.0,0.0,0.0,0.0,0.0,0.0,0.0,0.0,0.0,0.0,0.0,0.0,0.0,0.0,0.0,0.0,1
의료용 기기 제조업,14519085.0,175772966875.0,5506329399.0,-1420258.0,-6996388668.0,1265349.0,3525681420.0,121508.0,3341815239.0,102998.0,3374532014.0,-638.0,5322610.0,-30741.0,-1569266185.0,0.0,0.0,1285.0,394309300.0,48604.0,1136917500.0,31237.0,-59613934.0,2164.0,188505943.0,64
의료용품 및 기타 의약 관련제품 제조업,4699010.0,185647419535.0,8968489747.0,-929385.0,-53213695892.0,608023.0,27827034118.0,299803.0,26453144688.0,261533.0,24772569833.0,-2949.0,-102155100.0,56387.0,7456367800.0,2500.0,1000074000.0,12719.0,680794790.0,-45214.0,-7850139235.0,30052.0,-895986630.0,-8493.0,-170496284.0,31
의복 액세서리 제조업,92262.0,436757660.0,3161335.0,-34448.0,-155720505.0,34898.0,159002625.0,-541.0,-3647790.0,-540.0,-3641010.0,0.0,0.0,0.0,0.0,0.0,0.0,0.0,0.0,0.0,0.0,0.0,-14400.0,91.0,380070.0,2
의약품 제조업,23204845.0,276370966705.0,12304506048.0,-1565257.0,-35583573471.0,876617.0,-6042951433.0,608361.0,42927614253.0,246092.0,18700032852.0,-217.0,155883825.0,184168.0,10420823430.0,0.0,0.0,111784.0,6205718735.0,65284.0,7420716426.0,92550.0,-1259358038.0,-12271.0,-41731311.0,105
인쇄 및 인쇄관련 산업,48874.0,225332882.0,565230.0,-19080.0,-88101355.0,19080.0,88101355.0,0.0,0.0,0.0,0.0,0.0,0.0,0.0,0.0,0.0,0.0,0.0,0.0,0.0,0.0,0.0,0.0,0.0,0.0,1
일반 교습 학원,275972.0,3694936197.0,123878580.0,55618.0,791150331.0,-54185.0,-1242533401.0,-492.0,447338120.0,9705.0,429791310.0,0.0,0.0,-28.0,29227170.0,0.0,0.0,-20955.0,-341250490.0,10785.0,329531980.0,-952.0,3618800.0,11.0,426150.0,6
일반 목적용 기계 제조업,23242252.0,332269875204.0,18842894237.0,-7431038.0,-8649102010.0,1932218.0,-23280512248.0,680148.0,27745091256.0,269595.0,4147634580.0,50377.0,3077338190.0,-79313.0,847144611.0,363.0,28702650.0,365882.0,16413340187.0,73248.0,3230612748.0,4817135.0,4038999691.0,1537.0,145523311.0,52
일반 및 생활 숙박시설 운영업,846085.0,6412712363.0,718090900.0,90443.0,946997294.0,-230804.0,-1765602669.0,132358.0,721571080.0,152158.0,948440240.0,188.0,2082790.0,-8034.0,-92374340.0,0.0,0.0,-2234.0,-25208700.0,-9720.0,-111368910.0,8133.0,97536630.0,-130.0,-502335.0,3
일차전지 및 이차전지 제조업,7458566.0,583436743447.0,58397294940.0,-514402.0,-75598561283.0,-704052.0,-62263883207.0,1213206.0,141427229815.0,307959.0,47093394975.0,30974.0,3874314565.0,324992.0,45612437845.0,4.0,1870000.0,171315.0,28662765175.0,376571.0,16097910455.0,11759.0,-3334650350.0,-6511.0,-230134975.0,19
자동차 부품 및 내장품 판매업,307190.0,1099273860.0,34785340.0,-41408.0,-130727166.0,52225.0,191761133.0,-3242.0,-18443100.0,-242.0,-1343100.0,0.0,0.0,0.0,0.0,0.0,0.0,0.0,0.0,0.0,0.0,-7496.0,-42422195.0,-79.0,-168672.0,4
자동차 신품 부품 제조업,18887652.0,223170080218.0,6262007739.0,-1831263.0,-20617028722.0,1356220.0,23201892771.0,272537.0,-3758740008.0,226600.0,13655984376.0,127.0,606900720.0,-6339.0,-5315201725.0,70386.0,64540256.0,-80046.0,-15803861575.0,61824.0,3033805480.0,228066.0,1247396198.0,-25560.0,-73520239.0,104
자동차 재제조 부품 제조업,771494.0,1775979384.0,40077995.0,-5002.0,-13050130.0,36610.0,85459490.0,-20528.0,-47058315.0,-20528.0,-47058315.0,0.0,0.0,0.0,0.0,0.0,0.0,0.0,0.0,0.0,0.0,-10780.0,-24634855.0,-300.0,-716190.0,1
자동차 차체나 트레일러 제조업,90617.0,528519255.0,15333700.0,2550.0,14829775.0,-2852.0,-16601600.0,190.0,1118485.0,190.0,1118485.0,0.0,0.0,0.0,0.0,0.0,0.0,0.0,0.0,0.0,0.0,2.0,11650.0,110.0,641690.0,1
자동차 판매업,777222.0,1619561041.0,38427898.0,-59342.0,-51567286.0,103866.0,262623778.0,-45993.0,-222238774.0,-1455.0,144293.0,0.0,0.0,-21222.0,-82366097.0,0.0,0.0,-12664.0,-98643865.0,-10652.0,-41373105.0,1469.0,11182282.0,0.0,0.0,3
자동차용 엔진 및 자동차 제조업,1566952.0,281472798963.0,15437333961.0,-109526.0,-52437072084.0,51760.0,37017163989.0,57767.0,15694056015.0,126625.0,32760910165.0,1495.0,1034991950.0,-52927.0,-9454692250.0,22.0,4027150.0,-19893.0,-9217282250.0,2451.0,567523350.0,1840.0,-72603370.0,-1841.0,-201544550.0,4
"자료처리, 호스팅, 포털 및 기타 인터넷 정보매개 서비스업",3842803.0,237940974105.0,17749956530.0,284015.0,35623951590.0,-294180.0,-1821973737.0,-4401.0,-32537480275.0,99032.0,680553235.0,-12287.0,-1898166200.0,-69603.0,-10434900040.0,27.0,5697000.0,-107893.0,-21263329640.0,86522.0,414560770.0,13721.0,-1515342112.0,845.0,250844534.0,15
자연과학 및 공학 연구개발업,19200817.0,755777765907.0,58831212682.0,-1844325.0,-135822323525.0,646046.0,8398434730.0,1235206.0,127168193565.0,331209.0,35552379195.0,40135.0,5552603100.0,490782.0,43103480290.0,1375.0,202051200.0,136534.0,28659011890.0,285539.0,15223348590.0,-12823.0,797529705.0,-24104.0,-541834475.0,68
작물 재배업,31773.0,136089828.0,688040.0,-3370.0,-10816732.0,2834.0,7104187.0,536.0,3712545.0,552.0,3823480.0,-8.0,-55340.0,-8.0,-55595.0,0.0,0.0,0.0,0.0,0.0,0.0,0.0,0.0,0.0,0.0,2
재 보험업,419254.0,6091623695.0,208446060.0,1186.0,14206185.0,28878.0,424053165.0,-18932.0,-275457030.0,7123.0,103270895.0,225.0,3226410.0,-11572.0,-168078585.0,0.0,0.0,-14746.0,-214344100.0,38.0,468350.0,-10632.0,-155477320.0,-500.0,-7325000.0,1
전구 및 조명장치 제조업,1271977.0,4549527045.0,46192399.0,-72001.0,-286490217.0,73972.0,294848954.0,-1315.0,-5667260.0,-1315.0,-5667260.0,0.0,0.0,0.0,0.0,0.0,0.0,0.0,0.0,0.0,0.0,253.0,633490.0,-909.0,-3324967.0,4
전기 및 통신 공사업,633522.0,19951282425.0,3923708580.0,41665.0,2987166395.0,-42700.0,-3056639495.0,-7221.0,-483978540.0,27422.0,915662005.0,690.0,28287100.0,-5215.0,-73470395.0,0.0,0.0,-29880.0,-1348569350.0,-236.0,-5794600.0,13322.0,726987570.0,-5066.0,-173535930.0,9
전기 통신업,3599078.0,122875735296.0,7775754752.0,199772.0,28988071953.0,-211900.0,2213561399.0,-45895.0,-30336530259.0,47622.0,1154035281.0,-3437.0,-631481870.0,-145695.0,-10825324845.0,197.0,5382940.0,173776.0,-10365332190.0,-118283.0,-9667523325.0,48141.0,-1193566007.0,9882.0,328462914.0,14
전기업,1845281.0,69363625600.0,1177534700.0,-104932.0,-4291731394.0,143464.0,4744980974.0,-44007.0,-661238450.0,237288.0,8430093300.0,5300.0,183748400.0,-36412.0,-1233054350.0,0.0,0.0,-283348.0,-10253738250.0,33168.0,2211840150.0,5037.0,206705250.0,438.0,1283620.0,5
"전동기, 발전기 및 전기 변환 · 공급 · 제어 장치 제조업",13922125.0,623263392351.0,40073767907.0,-781369.0,-38381342195.0,386682.0,520595564.0,335728.0,36781863677.0,372836.0,21266290134.0,1053.0,1559863575.0,42749.0,5816355058.0,-390.0,24425.0,34777.0,4751549135.0,-115285.0,3394480500.0,6878.0,750939896.0,52081.0,327943058.0,38
전문디자인업,265394.0,2707459075.0,92466225.0,-58924.0,-282744070.0,79902.0,763855975.0,-13478.0,-319097695.0,-2511.0,-73485870.0,0.0,0.0,-6222.0,-139334825.0,0.0,0.0,-1670.0,-37374450.0,-3075.0,-68902550.0,-7341.0,-156700965.0,-159.0,-5313245.0,2
전자부품 제조업,55862159.0,1830757103059.0,126461824944.0,-2448242.0,104416359379.0,1313300.0,-151731136423.0,933558.0,40243643646.0,504787.0,18560151987.0,67127.0,7100052450.0,335883.0,7516361910.0,181.0,7557020.0,166031.0,-14337489859.0,-159223.0,19921338065.0,176863.0,6035129253.0,24521.0,1036004145.0,132
절연선 및 케이블 제조업,61775644.0,880470568244.0,6332762085.0,-1635224.0,-26662285930.0,1313273.0,12321254950.0,816199.0,16391567480.0,203500.0,4147961110.0,32031.0,454228410.0,86270.0,989930495.0,0.0,0.0,244847.0,7375826360.0,249552.0,3423683505.0,-522782.0,-2421513500.0,28534.0,370977000.0,8
제재 및 목재 가공업,180676.0,536478602.0,4516715.0,-58724.0,-170296947.0,43885.0,116447603.0,20019.0,72495659.0,20019.0,72495659.0,0.0,0.0,0.0,0.0,0.0,0.0,0.0,0.0,0.0,0.0,-4880.0,-17568385.0,-300.0,-1077930.0,3
종합 소매업,2785290.0,106641707667.0,9271745078.0,-413461.0,-12175294044.0,452128.0,17822680047.0,-33675.0,-5462299616.0,18373.0,3311121769.0,7931.0,1164072800.0,13889.0,-4105166500.0,-683.0,-30329965.0,-94015.0,-5403844520.0,17401.0,-673937800.0,-5366.0,-249174020.0,374.0,64087633.0,16
"증기, 냉·온수 및 공기조절 공급업",58721.0,4012560900.0,114091900.0,-19919.0,-1373738750.0,12411.0,860449650.0,6679.0,455879900.0,1138.0,79327100.0,19.0,1368000.0,4279.0,287884600.0,0.0,0.0,-77.0,-5673900.0,1320.0,92974100.0,800.0,55419400.0,29.0,1989800.0,1
직물직조 및 직물제품 제조업,300364.0,1067487018.0,1680731.0,-13453.0,-25319004.0,29690.0,113242457.0,3710.0,19908738.0,3710.0,19908738.0,0.0,0.0,0.0,0.0,0.0,0.0,0.0,0.0,0.0,0.0,-19956.0,-107404175.0,9.0,-428016.0,5
창작 및 예술관련 서비스업,123613.0,516350018.0,35601081.0,6058.0,29528040.0,7965.0,44566980.0,-10848.0,-59570285.0,-891.0,-9796060.0,0.0,0.0,-379.0,-882945.0,0.0,0.0,-2574.0,-28367790.0,-7004.0,-20523490.0,-1178.0,-12761420.0,-1997.0,-1763315.0,6
초등 교육기관,278112.0,293637616.0,200098.0,25269.0,29024436.0,-25579.0,-29331550.0,10.0,11024.0,10.0,11024.0,0.0,0.0,0.0,0.0,0.0,0.0,0.0,0.0,0.0,0.0,300.0,296090.0,0.0,0.0,2
"측정, 시험, 항해, 제어 및 기타 정밀기기 제조업; 광학기기 제외",4822981.0,83064961338.0,4283228933.0,-1060638.0,-9992409165.0,343175.0,-1124581868.0,67010.0,10512013958.0,17940.0,4025352160.0,1989.0,288301865.0,19386.0,3322866060.0,0.0,0.0,37456.0,3489307110.0,-9756.0,-613051507.0,657326.0,561110689.0,-6873.0,43866386.0,32
컴퓨터 및 주변장치 제조업,488973.0,1493671864.0,5922350.0,-124412.0,-311695057.0,68394.0,217404331.0,-584.0,-18542310.0,-153.0,-883160.0,0.0,0.0,-481.0,-19716600.0,50.0,2057450.0,0.0,0.0,0.0,0.0,56949.0,119209580.0,-347.0,-6376544.0,11
"컴퓨터 프로그래밍, 시스템 통합 및 관리업",6436171.0,133907707924.0,6803195960.0,-642299.0,-11306370081.0,564388.0,11604863497.0,164099.0,423227830.0,93993.0,4998766945.0,15184.0,566759970.0,-17319.0,-4241756990.0,1.0,221500.0,9358.0,-2518838500.0,62811.0,1612887755.0,-91940.0,-713794511.0,5752.0,-7926735.0,39
텔레비전 방송업,392319.0,3267774916.0,9459260.0,-34366.0,-495820946.0,32423.0,-67611604.0,5306.0,584294349.0,6283.0,551747464.0,70.0,-459740.0,1082.0,35813435.0,82.0,3008300.0,-2319.0,-9790310.0,109.0,4012150.0,-2746.0,-11501305.0,-617.0,-9360494.0,9
토목 건설업,3178997.0,60040940915.0,4686611551.0,-349785.0,-172219460.0,352692.0,-1290881720.0,-6138.0,1037871223.0,20295.0,3691654680.0,-5646.0,-362110120.0,-3595.0,68156313.0,0.0,0.0,-1453.0,-816330750.0,-15538.0,-1521559350.0,3527.0,378291105.0,-296.0,46938852.0,15
통신 및 방송 장비 제조업,73821261.0,4280266016429.0,293688092641.0,4025190.0,810404239396.0,-5420758.0,-1023665074233.0,1156794.0,184478098738.0,932327.0,162742288748.0,79092.0,17222503150.0,103657.0,2911506300.0,-3620.0,-836917650.0,25970.0,3016941100.0,16529.0,-1251907860.0,143788.0,26053000384.0,94986.0,2729735715.0,63
특수 목적용 기계 제조업,45248998.0,1430609473113.0,154992949997.0,-5275434.0,-231589061707.0,3183449.0,76698509829.0,1922939.0,150939118851.0,1306834.0,92496285120.0,22919.0,1809026320.0,541015.0,43608408490.0,243.0,55991800.0,259448.0,20821306890.0,94973.0,-6765090856.0,163495.0,4752424336.0,5551.0,-800991309.0,166
"펄프, 종이 및 판지 제조업",264529.0,1052994136.0,5107010.0,-57412.0,-104324675.0,62868.0,190707829.0,-8221.0,-80532805.0,-1082.0,-24940030.0,0.0,0.0,0.0,0.0,0.0,0.0,-7139.0,-55592775.0,0.0,0.0,8970.0,25973936.0,-6205.0,-31824285.0,10
편조의복 제조업,32356.0,95415140.0,124565.0,-8872.0,-26104266.0,8871.0,26101311.0,0.0,0.0,0.0,0.0,0.0,0.0,0.0,0.0,0.0,0.0,0.0,0.0,0.0,0.0,0.0,0.0,1.0,2955.0,1
폐기물 처리업,216673.0,1083417995.0,40411825.0,-1263.0,-39041795.0,-2781.0,2611775.0,-3816.0,-10828580.0,-3816.0,-10828580.0,0.0,0.0,0.0,0.0,0.0,0.0,0.0,0.0,0.0,0.0,7860.0,47258600.0,0.0,0.0,3
플라스틱제품 제조업,10609789.0,48345095395.0,1270968234.0,-344459.0,-263613882.0,313029.0,-294599496.0,15446.0,539304524.0,17345.0,449639337.0,148.0,2780880.0,-1030.0,-65707348.0,0.0,0.0,-653.0,23817100.0,-364.0,128774555.0,23121.0,41634616.0,-7137.0,-22725762.0,47
합성고무 및 플라스틱 물질 제조업,378575.0,4275014239.0,300452412.0,2763.0,-10140277.0,2225.0,-93525551.0,-7741.0,100406662.0,303.0,241502724.0,117.0,5158375.0,816.0,39096730.0,0.0,0.0,-2188.0,-96176000.0,-6789.0,-89175167.0,3106.0,9898416.0,-353.0,-6639250.0,8
항공 여객 운송업,2161818.0,50086772138.0,99648310.0,221910.0,5008477204.0,-180825.0,-3839553215.0,-46486.0,-1397256065.0,77904.0,1621708355.0,17350.0,472246725.0,-166175.0,-4416860100.0,0.0,0.0,36497.0,1247466005.0,-12062.0,-321817000.0,7258.0,263674832.0,-1857.0,-35342756.0,6
"항공기,우주선 및 부품 제조업",3057621.0,350003299721.0,53217658467.0,63425.0,-13794916120.0,-207473.0,-9884768830.0,62883.0,11260986450.0,33350.0,-8506221280.0,1289.0,2018622800.0,11852.0,10119893930.0,-10.0,-11500000.0,-230.0,-5191255300.0,16633.0,12831498300.0,77781.0,12485390390.0,3384.0,-66691890.0,11
해상 운송업,9313470.0,43462100884.0,1828024505.0,-302833.0,113727271.0,226853.0,-2085198231.0,20724.0,1776165871.0,165845.0,2133111428.0,-98151.0,-470479155.0,-2383.0,234929365.0,0.0,0.0,-144658.0,-728875752.0,100071.0,607479985.0,30003.0,178402393.0,25253.0,16902696.0,6
"해체, 선별 및 원료 재생업",0.0,0.0,0.0,0.0,0.0,0.0,0.0,0.0,0.0,0.0,0.0,0.0,0.0,0.0,0.0,0.0,0.0,0.0,0.0,0.0,0.0,0.0,0.0,0.0,0.0,1
화학섬유 제조업,935220.0,27282971552.0,2276427239.0,78508.0,-2390721271.0,-102311.0,-943305575.0,24404.0,3158163398.0,3336.0,327642448.0,4233.0,302362450.0,-31707.0,723701300.0,0.0,0.0,50178.0,1921615750.0,-1634.0,-116725350.0,-297.0,195085113.0,-304.0,-19221665.0,10
회사 본부 및 경영 컨설팅 서비스업,2893304.0,17363767846.0,538506101.0,-263341.0,-1600111363.0,143864.0,347321944.0,55104.0,925795140.0,35617.0,736107505.0,2.0,2980040.0,559.0,37453220.0,0.0,0.0,17566.0,133031240.0,1359.0,16210395.0,63860.0,318749500.0,513.0,8244779.0,11
