corp_code,corp_name,stock_code,corp_cls,report_nm,rcept_no,flr_nm,rcept_dt,rm
01524507,핀텔,291810,K,불성실공시법인지정              (공시번복 4건),20260605900966,코스닥시장본부,20260605,코
00120906,에스아이리소스,065420,K,소송등의제기ㆍ신청(경영권분쟁소송)              (회계의장부와 서류에 대한 가처분),20260605900948,에스아이리소스,20260605,코
00130587,서울전자통신,027040,K,소송등의판결ㆍ결정(일정금액이상의청구)              ,20260605900910,서울전자통신,20260605,코
00523307,다원시스,068240,K,"불성실공시법인지정예고              (공시번복 6건, 공시불이행 1건, 공시변경 1건)",20260605900928,코스닥시장본부,20260605,코
00204226,소프트센,032680,K,주요사항보고서(유상증자결정),20260605000654,소프트센,20260605,
00351579,비트플래닛,049470,K,주요사항보고서(유형자산양수결정),20260605000665,비트플래닛,20260605,정
01208849,나인테크,267320,K,주요사항보고서(제3자의전환사채매수선택권행사),20260605000666,나인테크,20260605,
00351579,비트플래닛,049470,K,[기재정정]주요사항보고서(전환사채권발행결정),20260605000660,비트플래닛,20260605,정
00150536,진양제약,007370,K,주식등의대량보유상황보고서(일반),20260605000664,최재준,20260605,
00349097,케이티스카이라이프,053210,Y,증권신고서(채무증권),20260605000663,케이티스카이라이프,20260605,정
01208849,나인테크,267320,K,주요사항보고서(전환사채매수선택권행사자지정),20260605000662,나인테크,20260605,
00523307,다원시스,068240,K,주권매매거래정지기간변경              (상장적격성 실질심사 대상 결정),20260605900917,코스닥시장본부,20260605,코
00367482,빛과전자,069540,K,[첨부정정]주요사항보고서(회사합병결정),20260605000649,빛과전자,20260605,
00230814,휴림에이텍,078590,K,주주명부폐쇄기간또는기준일설정              ,20260605900880,휴림에이텍,20260605,코
00252269,아이에이,038880,K,"주권매매거래정지              (주식의 병합, 분할 등 전자등록 변경, 말소)",20260605900878,코스닥시장본부,20260605,코
00946030,로보티즈,108490,K,임원ㆍ주요주주특정증권등소유상황보고서,20260605000659,김세형,20260605,
00150536,진양제약,007370,K,임원ㆍ주요주주특정증권등소유상황보고서,20260605000658,최윤환,20260605,
00351579,비트플래닛,049470,K,[기재정정]주요사항보고서(전환사채권발행결정),20260605000647,비트플래닛,20260605,정
00870065,쓰리에이로직스,177900,K,주식등의대량보유상황보고서(일반),20260605000656,박광범,20260605,
00155586,HLB이노베이션,024850,K,주식등의대량보유상황보고서(일반),20260605000653,HLB,20260605,
00150828,진흥기업,002780,Y,[기재정정]단일판매ㆍ공급계약체결              ,20260605800895,진흥기업,20260605,유
01867758,한화비전,489790,Y,주식등의대량보유상황보고서(약식),20260605000651,OrbisInvestmentManagementLimited,20260605,
00763473,코스메카코리아,241710,K,[첨부정정]주요사항보고서(유형자산양수결정),20260605000640,코스메카코리아,20260605,
01189438,HLB바이오스텝,278650,K,주식등의대량보유상황보고서(일반),20260605000650,HLB,20260605,
00615723,알엔티엑스,123010,K,[기재정정]최대주주변경을수반하는주식양수도계약체결              ,20260605900861,알엔티엑스,20260605,코
01336461,뉴로메카,348340,K,임원ㆍ주요주주특정증권등거래계획보고서,20260605000648,박종훈,20260605,
00367482,빛과전자,069540,K,[기재정정]분기보고서 (2026.03),20260605000645,빛과전자,20260605,
01649204,달바글로벌,483650,Y,[기재정정]주요사항보고서(자기주식취득신탁계약체결결정),20260605000639,달바글로벌,20260605,
01038693,드림시큐리티,203650,K,주식등의대량보유상황보고서(일반),20260605000643,범진규,20260605,
00296290,키움증권,039490,Y,증권발행실적보고서,20260605000642,키움증권,20260605,
00138260,SIMPAC,009160,Y,임원ㆍ주요주주특정증권등소유상황보고서,20260605000641,최민찬,20260605,
01649204,달바글로벌,483650,Y,[첨부정정]주요사항보고서(자기주식취득신탁계약해지결정),20260605000638,달바글로벌,20260605,
01649204,달바글로벌,483650,Y,[기재정정]주요사항보고서(자기주식취득신탁계약해지결정),20260605000620,달바글로벌,20260605,정
00628189,웅진씽크빅,095720,Y,임원ㆍ주요주주특정증권등소유상황보고서,20260605000637,곽태호,20260605,
01949195,하나36호스팩,0101C0,K,주식등의대량보유상황보고서(약식),20260605000636,더블유자산운용,20260605,
00169048,HLB글로벌,003580,Y,[기재정정]금전대여결정              ,20260605800839,HLB글로벌,20260605,유
00628189,웅진씽크빅,095720,Y,임원ㆍ주요주주특정증권등소유상황보고서,20260605000635,임한우,20260605,
00162416,한양증권,001750,Y,임원ㆍ주요주주특정증권등소유상황보고서,20260605000634,김병철,20260605,
00109824,대림통상,006570,Y,주식등의대량보유상황보고서(일반),20260605000633,디앤디파트너스,20260605,
00958327,지앤비에스 에코,382800,K,주식등의대량보유상황보고서(약식),20260605000631,J.P.MORGANSECURITIESPLC,20260605,
00628189,웅진씽크빅,095720,Y,임원ㆍ주요주주특정증권등소유상황보고서,20260605000629,안경숙,20260605,
00148610,한화투자증권,003530,Y,증권발행실적보고서,20260605000628,한화투자증권,20260605,
00327396,옵트론텍,082210,K,주식등의대량보유상황보고서(일반),20260605000627,아이비케이키움사업재편사모투자,20260605,
00230814,휴림에이텍,078590,K,주주총회소집결의              (임시주주총회),20260605900840,휴림에이텍,20260605,코
00628189,웅진씽크빅,095720,Y,임원ㆍ주요주주특정증권등소유상황보고서,20260605000626,최일동,20260605,
00101220,KG케미칼,001390,Y,타법인주식및출자증권처분결정(종속회사의주요경영사항)              ,20260605800874,KG케미칼,20260605,유
00148610,한화투자증권,003530,Y,증권발행실적보고서,20260605000623,한화투자증권,20260605,
01577952,지투지바이오,456160,K,임원ㆍ주요주주특정증권등소유상황보고서,20260605000622,이종미,20260605,
01311408,에코프로머티,450080,Y,임원ㆍ주요주주특정증권등거래계획철회보고서,20260605000621,김수연,20260605,
00231691,판타지오,032800,K,주식등의대량보유상황보고서(일반),20260605000619,아티스트,20260605,
01803635,에스투더블유,488280,K,주식등의대량보유상황보고서(일반),20260605000618,서상덕,20260605,
00628189,웅진씽크빅,095720,Y,임원ㆍ주요주주특정증권등소유상황보고서,20260605000616,웅진,20260605,
00148610,한화투자증권,003530,Y,투자설명서(일괄신고),20260605000615,한화투자증권,20260605,
00141404,블루산업개발,006740,Y,[기재정정]주요사항보고서(전환사채권발행결정),20260605000571,블루산업개발,20260605,정
00148610,한화투자증권,003530,Y,일괄신고추가서류(파생결합사채-주가연계파생결합사채),20260605000614,한화투자증권,20260605,
01577952,지투지바이오,456160,K,주식등의대량보유상황보고서(일반),20260605000612,이희용,20260605,
00428729,대호에이엘,069460,Y,[기재정정]의결권대리행사권유참고서류,20260605000611,이영섭,20260605,
01573284,코닉오토메이션,391710,K,투자판단관련주요경영사항              ([국책과제 선정] 상용면적 페로브스카이트/결정질 실리콘 탠덤 모듈 기술개발 및 실증 사업(기후에너지환경부)),20260605900813,코닉오토메이션,20260605,코
01326792,비투엔,307870,K,[기재정정]최대주주변경을수반하는주식양수도계약체결              ,20260605900799,비투엔,20260605,코정
00915508,알엔투테크놀로지,148250,K,[기재정정]주요사항보고서(타법인주식및출자증권양도결정),20260605000588,알엔투테크놀로지,20260605,
01428948,오아,342870,K,임시주주총회결과              ,20260605900797,오아,20260605,코
01428948,오아,342870,K,[기재정정]주요사항보고서(회사분할결정),20260605000565,오아,20260605,
00168331,온타이드,005320,Y,최대주주등소유주식변동신고서              ,20260605800852,온타이드,20260605,유
01577952,지투지바이오,456160,K,[기재정정]주식등의대량보유상황보고서(일반),20260605000604,이희용,20260605,
00109824,대림통상,006570,Y,임원ㆍ주요주주특정증권등소유상황보고서,20260605000603,디앤디파트너스,20260605,
00997812,코미코,183300,K,기업가치제고계획(자율공시)              (2025년 이행현황),20260605900810,코미코,20260605,코
00131850,SK증권,001510,Y,투자설명서(일괄신고),20260605000600,SK증권,20260605,
00111722,미래에셋증권,006800,Y,증권발행실적보고서,20260605000599,미래에셋증권,20260605,정
01141599,아리바이오LAB,261780,K,[기재정정]주요사항보고서(전환사채권발행결정),20260605000576,아리바이오LAB,20260605,
01577952,지투지바이오,456160,K,[기재정정]주식등의대량보유상황보고서(일반),20260605000597,이희용,20260605,
00234227,유진로봇,056080,K,임원ㆍ주요주주특정증권등소유상황보고서,20260605000596,IMANTOAG,20260605,
00148610,한화투자증권,003530,Y,증권발행실적보고서,20260605000595,한화투자증권,20260605,
00355089,토탈소프트,045340,K,자기주식취득결과보고서,20260605000594,토탈소프트,20260605,정
01208849,나인테크,267320,K,[첨부정정]주요사항보고서(전환사채권발행결정),20260605000593,나인테크,20260605,
00117337,동양,001520,Y,의결권대리행사권유참고서류,20260605000592,동양,20260605,
00231372,롯데관광개발,032350,Y,주식등의대량보유상황보고서(일반),20260605000591,김기병,20260605,
01577952,지투지바이오,456160,K,[기재정정]주식등의대량보유상황보고서(일반),20260605000587,이희용,20260605,
00126380,삼성전자,005930,Y,임원ㆍ주요주주특정증권등소유상황보고서,20260605000586,윤장현,20260605,
00117337,동양,001520,Y,주주총회소집공고,20260605000585,동양,20260605,
00288495,HC홈센타,060560,K,주식등의대량보유상황보고서(일반),20260605000581,에이치씨파트너스,20260605,
00234227,유진로봇,056080,K,주식등의대량보유상황보고서(일반),20260605000579,IMANTOAG,20260605,
01032404,콜마비앤에이치,200130,K,주식등의대량보유상황보고서(일반),20260605000578,콜마홀딩스,20260605,
00523307,다원시스,068240,K,기타시장안내              (상장적격성 실질심사 대상 결정 ),20260605900794,코스닥시장본부,20260605,코
01948220,미래에셋비전스팩11호,0099W0,K,주식등의대량보유상황보고서(약식),20260605000577,더블유자산운용,20260605,
01429840,아이티아이즈,372800,K,[기재정정]단일판매ㆍ공급계약체결              ,20260605900769,아이티아이즈,20260605,코
00148610,한화투자증권,003530,Y,투자설명서(일괄신고),20260605000573,한화투자증권,20260605,
00232007,상지건설,042940,K,[기재정정]증권신고서(지분증권),20260605000572,상지건설,20260605,
00138297,STX,011810,Y,[기재정정]투자판단관련주요경영사항              ,20260605800791,STX,20260605,유
00226316,호전실업,111110,Y,임원ㆍ주요주주특정증권등소유상황보고서,20260605000569,이승희,20260605,
01051472,젠큐릭스,229000,K,임원ㆍ주요주주특정증권등소유상황보고서,20260605000568,황금민,20260605,
00525882,크레버스,096240,K,의결권대리행사권유참고서류,20260605000567,크레버스,20260605,
01516456,인벤티지랩,389470,K,임원ㆍ주요주주특정증권등소유상황보고서,20260605000566,송순호,20260605,
00203290,콜마홀딩스,024720,Y,주식등의대량보유상황보고서(일반),20260605000564,윤상현,20260605,
00479787,인텍플러스,064290,K,전환사채(해외전환사채포함)발행후만기전사채취득              ,20260605900786,인텍플러스,20260605,코
01781999,에임드바이오,0009K0,K,주주명부폐쇄기간또는기준일설정              ,20260605900763,에임드바이오,20260605,코
01781999,에임드바이오,0009K0,K,주주총회소집결의              (임시주주총회),20260605900756,에임드바이오,20260605,코
00525882,크레버스,096240,K,주주총회소집공고,20260605000561,크레버스,20260605,
00115694,DB증권,016610,Y,임원ㆍ주요주주특정증권등소유상황보고서,20260605000560,류용동,20260605,
00605522,소룩스,290690,K,증권발행결과(자율공시)              (제9회차 CB),20260605900755,소룩스,20260605,코
01444380,에이텀,355690,K,주식등의대량보유상황보고서(약식),20260605000559,르네상스자산운용,20260605,
00525882,크레버스,096240,K,[기재정정]최대주주변경을수반하는주식담보제공계약체결              ,20260605900739,크레버스,20260605,코
00139205,안국약품,001540,K,주식등의대량보유상황보고서(일반),20260605000556,어진,20260605,
00146542,일정실업,008500,Y,기업가치제고계획(자율공시)              ,20260605800738,일정실업,20260605,유
00838005,서진시스템,178320,K,[기재정정]최대주주변경을수반하는주식담보제공계약체결              ,20260605900750,서진시스템,20260605,코
00103176,흥국화재,000540,Y,[기재정정]대규모기업집단현황공시[연1회공시및1/4분기용(개별회사)],20260605000550,흥국화재,20260605,공
00234227,유진로봇,056080,K,[기재정정]임원ㆍ주요주주특정증권등거래계획보고서,20260605000549,시만,20260605,
01949469,미래에셋비전스팩10호,0097F0,K,주식등의대량보유상황보고서(약식),20260605000547,더블유자산운용,20260605,
01080687,아우딘퓨쳐스,227610,K,주식등의대량보유상황보고서(일반),20260605000546,나종국,20260605,
00604268,에이프로,262260,K,주주명부폐쇄기간또는기준일설정              ,20260605900761,에이프로,20260605,코
00536523,로보스타,090360,K,주식등의대량보유상황보고서(약식),20260605000544,미래에셋자산운용,20260605,
01497869,티와이홀딩스,363280,Y,단일판매ㆍ공급계약체결(자회사의 주요경영사항)              ,20260605800726,티와이홀딩스,20260605,유
00994994,나노,187790,K,주식등의대량보유상황보고서(약식),20260605000542,미래에셋자산운용,20260605,
01141599,아리바이오LAB,261780,K,증권발행결과(자율공시)              ,20260605900751,아리바이오LAB,20260605,코
01210677,씨케이솔루션,480370,Y,주주명부폐쇄기간또는기준일설정              ,20260605800744,씨케이솔루션,20260605,유
00604268,에이프로,262260,K,주주총회소집결의              (임시주주총회),20260605900743,에이프로,20260605,코
00117601,유안타증권,003470,Y,임원ㆍ주요주주특정증권등소유상황보고서,20260605000536,장성철,20260605,
01336443,디와이씨,310870,K,[기재정정]주식매수선택권부여에관한신고,20260605000533,디와이씨,20260605,
00766106,엣지파운드리,105550,K,사외이사의선임ㆍ해임또는중도퇴임에관한신고,20260605000530,엣지파운드리,20260605,
00117601,유안타증권,003470,Y,최대주주등소유주식변동신고서              ,20260605800737,유안타증권,20260605,유
01210677,씨케이솔루션,480370,Y,주주총회소집결의              ,20260605800719,씨케이솔루션,20260605,유
00124090,한국특강,007280,Y,임원ㆍ주요주주특정증권등소유상황보고서,20260605000528,하람로지스,20260605,
01316254,HS효성첨단소재,298050,Y,최대주주등소유주식변동신고서              ,20260605800729,HS효성첨단소재,20260605,유
00164724,현대엘리베이터,017800,Y,최대주주등소유주식변동신고서              ,20260605800727,현대엘리베이터,20260605,유
00153861,태영건설,009410,Y,단일판매ㆍ공급계약체결              ,20260605800695,태영건설,20260605,유
01374443,인투셀,287840,K,임원ㆍ주요주주특정증권등소유상황보고서,20260605000524,이향숙,20260605,
00956930,동아에스티,170900,Y,지속가능경영보고서등관련사항(자율공시)              ,20260605800724,동아에스티,20260605,유
00299844,미래반도체,254490,K,주식등의대량보유상황보고서(일반),20260605000522,이정,20260605,
01316254,HS효성첨단소재,298050,Y,임원ㆍ주요주주특정증권등소유상황보고서,20260605000520,HS효성,20260605,
00149804,디와이에이,002880,Y,최대주주등소유주식변동신고서              ,20260605800721,디와이에이,20260605,유
01383229,저스템,417840,K,주식등의대량보유상황보고서(일반),20260605000519,임영진,20260605,
01374443,인투셀,287840,K,임원ㆍ주요주주특정증권등소유상황보고서,20260605000518,김선영,20260605,
00164636,HDC,012630,Y,최대주주등소유주식변동신고서              ,20260605800717,HDC,20260605,유정
00153393,태광산업,003240,Y,[기재정정]대규모기업집단현황공시[연1회공시및1/4분기용(대표회사)],20260605000517,태광산업,20260605,공정
00148610,한화투자증권,003530,Y,증권발행실적보고서,20260605000516,한화투자증권,20260605,
00136721,신영증권,001720,Y,[기재정정]증권발행실적보고서,20260605000515,신영증권,20260605,
01335453,조이웍스앤코,309930,K,[기재정정]주요사항보고서(무상증자결정),20260605000490,조이웍스앤코,20260605,
00164636,HDC,012630,Y,주식등의대량보유상황보고서(일반),20260605000512,정몽규,20260605,정
00109824,대림통상,006570,Y,최대주주등소유주식변동신고서              ,20260605800706,대림통상,20260605,유
01854763,HS효성,487570,Y,최대주주등소유주식변동신고서              ,20260605800705,HS효성,20260605,유
00116426,이렘,009730,K,[정정제출요구]증권신고서(지분증권),20260605000508,이렘,20260605,
00809429,뉴온,123840,K,주식등의대량보유상황보고서(일반),20260605000507,케이피엠테크,20260605,
01854763,HS효성,487570,Y,주식등의대량보유상황보고서(일반),20260605000505,조현상,20260605,
00231664,우리기술투자,041190,K,주식등의대량보유상황보고서(일반),20260605000503,이완근,20260605,
00111722,미래에셋증권,006800,Y,증권발행실적보고서,20260605000502,미래에셋증권,20260605,
00157399,한솔테크닉스,004710,Y,[기재정정]투자설명서,20260605000501,한솔테크닉스,20260605,정
01022902,애드바이오텍,179530,K,임원ㆍ주요주주특정증권등소유상황보고서,20260605000499,비케이파트너스투자조합1호,20260605,
00445841,MDS테크,086960,K,주요사항보고서(제3자의전환사채매수선택권행사),20260605000497,MDS테크,20260605,
01236532,와이즈버즈,273060,K,주주총회소집결의              (임시주주총회),20260605900633,와이즈버즈,20260605,코
01042979,휴마시스,205470,K,임원ㆍ주요주주특정증권등소유상황보고서,20260605000496,인콘,20260605,
00540429,휴림로봇,090710,K,소액공모실적보고서,20260605000495,휴림로봇,20260605,
00125743,현대비앤지스틸,004560,Y,주식등의대량보유상황보고서(일반),20260605000494,현대제철,20260605,
00220561,광주신세계,037710,Y,풍문또는보도에대한해명(미확정)              ,20260605800656,광주신세계,20260605,유
00111722,미래에셋증권,006800,Y,증권발행실적보고서,20260605000493,미래에셋증권,20260605,
00157399,한솔테크닉스,004710,Y,[기재정정]증권신고서(지분증권),20260605000492,한솔테크닉스,20260605,정
00153393,태광산업,003240,Y,[기재정정]대규모기업집단현황공시[연1회공시및1/4분기용(대표회사)],20260605000489,태광산업,20260605,공정
01042979,휴마시스,205470,K,주식등의대량보유상황보고서(일반),20260605000488,아티스트,20260605,
00102432,계룡건설산업,013580,Y,주식등의대량보유상황보고서(일반),20260605000487,이승찬,20260605,
00101044,에이프로젠바이오로직스,003060,Y,임원ㆍ주요주주특정증권등소유상황보고서,20260605000486,에이프로젠,20260605,
01022902,애드바이오텍,179530,K,주식등의대량보유상황보고서(일반),20260605000485,비케이파트너스투자조합1호,20260605,
01488320,필에너지,378340,K,임원ㆍ주요주주특정증권등소유상황보고서,20260605000484,김동우,20260605,
00683007,엑스큐어,070300,K,주주명부폐쇄기간또는기준일설정              ,20260605900680,엑스큐어,20260605,코
00124197,세아제강지주,003030,Y,[기재정정]타인에대한채무보증결정              ,20260605800623,세아제강지주,20260605,유
01234507,매일유업,267980,K,주주총회소집결의              (임시주주총회),20260605900639,매일유업,20260605,코
00492894,젬백스,082270,K,주식등의대량보유상황보고서(일반),20260605000483,젬앤컴퍼니,20260605,
01246034,다이나믹솔루션,290660,K,주요사항보고서(유형자산양수결정),20260605000450,다이나믹솔루션,20260605,
00360142,아이마켓코리아,122900,Y,기업설명회(IR)개최(안내공시)              ,20260605800678,아이마켓코리아,20260605,유
00170558,코웨이,021240,Y,최대주주등소유주식변동신고서              ,20260605800677,코웨이,20260605,유
00540429,휴림로봇,090710,K,증권발행결과(자율공시)              (일반공모증자-소액공모),20260605900621,휴림로봇,20260605,코
00164478,현대건설,000720,Y,타인에대한채무보증결정              ,20260605800675,현대건설,20260605,유
00683007,엑스큐어,070300,K,주주총회소집결의              (임시주주총회),20260605900640,엑스큐어,20260605,코
00299002,HL홀딩스,060980,Y,주식등의대량보유상황보고서(약식),20260605000481,베어링자산운용,20260605,
00360142,아이마켓코리아,122900,Y,기업설명회(IR)개최(안내공시)              ,20260605800672,아이마켓코리아,20260605,유
00959229,세종메디칼,258830,K,불성실공시법인지정예고              (공시번복),20260605900646,코스닥시장본부,20260605,코정
00653194,앱토크롬,109960,K,임원ㆍ주요주주특정증권등소유상황보고서,20260605000480,지베이스,20260605,
00131850,SK증권,001510,Y,일괄신고추가서류(파생결합사채-주가연계파생결합사채),20260605000479,SK증권,20260605,
01442966,마스턴프리미어리츠,357430,Y,주주총회소집결의              ,20260605800630,마스턴프리미어리츠,20260605,유
00101044,에이프로젠바이오로직스,003060,Y,주식등의대량보유상황보고서(일반),20260605000478,에이프로젠,20260605,
01042429,넥써쓰,205500,K,주식등의대량보유상황보고서(일반),20260605000476,링크드,20260605,
00605522,소룩스,290690,K,단일판매ㆍ공급계약체결              ,20260605900614,소룩스,20260605,코
00114686,동구바이오제약,006620,K,주식등의대량보유상황보고서(일반),20260605000475,조용준,20260605,
00605522,소룩스,290690,K,단일판매ㆍ공급계약체결              ,20260605900618,소룩스,20260605,코
00429694,파버나인,177830,K,주식등의대량보유상황보고서(일반),20260605000474,이제훈,20260605,
00113526,대한항공,003490,Y,[발행조건확정]증권신고서(채무증권),20260605000473,대한항공,20260605,정
00110893,대신증권,003540,Y,증권발행실적보고서,20260605000472,대신증권,20260605,
00550082,캔버스엔,210120,K,"주권매매거래정지              (주식의 병합, 분할 등 전자등록 변경, 말소)",20260605900653,코스닥시장본부,20260605,코
00116426,이렘,009730,K,[기재정정]주요사항보고서(유상증자결정),20260605000435,이렘,20260605,
00302582,캐스텍코리아,071850,K,기타경영사항(자율공시)              (주주총회결의무효확인 등 소송 판결에 대한 상고제기),20260605900586,캐스텍코리아,20260605,코
01488320,필에너지,378340,K,임원ㆍ주요주주특정증권등소유상황보고서,20260605000470,황지상,20260605,
00110893,대신증권,003540,Y,투자설명서(일괄신고),20260605000468,대신증권,20260605,
00113526,대한항공,003490,Y,[기재정정]증권신고서(채무증권),20260605000465,대한항공,20260605,정
00409788,비에이치아이,083650,K,[기재정정]단일판매ㆍ공급계약체결              ,20260605900607,비에이치아이,20260605,코
00110893,대신증권,003540,Y,투자설명서(일괄신고),20260605000464,대신증권,20260605,
00765569,기가비스,420770,K,주식등의대량보유상황보고서(일반),20260605000463,김종준,20260605,
00274933,신세계푸드,031440,Y,의결권대리행사권유참고서류,20260605000462,신세계푸드,20260605,
00377018,기가레인,049080,K,"주권매매거래정지              (주식의 병합, 분할 등 전자등록 변경, 말소)",20260605900626,코스닥시장본부,20260605,코
01669226,한화리츠,451800,Y,합병등종료보고서(자산양수도),20260605000461,한화리츠,20260605,
00669450,바이오프로테크,199290,N,임원ㆍ주요주주특정증권등소유상황보고서,20260605000460,이병탁,20260605,
01133217,카카오뱅크,323410,Y,임원ㆍ주요주주특정증권등소유상황보고서,20260605000458,노승진,20260605,
00116426,이렘,009730,K,임시주주총회결과              ,20260605900604,이렘,20260605,코
00372129,전진건설로봇,079900,Y,[기재정정]사업보고서 (2025.12),20260605000456,전진건설로봇,20260605,연
00374738,위세아이텍,065370,K,주식등의대량보유상황보고서(일반),20260605000457,김다산,20260605,
00104722,국제약품,002720,Y,임원ㆍ주요주주특정증권등소유상황보고서,20260605000455,김성규,20260605,
00148610,한화투자증권,003530,Y,증권발행실적보고서,20260605000452,한화투자증권,20260605,
00204642,티비씨,033830,K,"주권매매거래정지              (주식의 병합, 분할 등 전자등록 변경, 말소)",20260605900616,코스닥시장본부,20260605,코
00274933,신세계푸드,031440,Y,주주총회소집공고,20260605000449,신세계푸드,20260605,
01181515,엘앤씨바이오,290650,K,임원ㆍ주요주주특정증권등소유상황보고서,20260605000448,나우아이비19호펀드,20260605,
01785700,IBKS제23호스팩,467930,K,기타시장안내(관리종목지정우려종목)              ,20260605900613,코스닥시장본부,20260605,코
01234507,매일유업,267980,K,주주명부폐쇄기간또는기준일설정              ,20260605900632,매일유업,20260605,코
00170558,코웨이,021240,Y,임원ㆍ주요주주특정증권등소유상황보고서,20260605000446,방준혁,20260605,
00623661,원익머트리얼즈,104830,K,주식등의대량보유상황보고서(약식),20260605000444,베어링자산운용,20260605,
01138595,뱅크웨어글로벌,199480,K,주식등의대량보유상황보고서(일반),20260605000443,이경조,20260605,
01246034,다이나믹솔루션,290660,K,증권발행결과(자율공시)              ,20260605900624,다이나믹솔루션,20260605,코
01181515,엘앤씨바이오,290650,K,주식등의대량보유상황보고서(약식),20260605000441,나우IB,20260605,
01236532,와이즈버즈,273060,K,주주명부폐쇄기간또는기준일설정              ,20260605900620,와이즈버즈,20260605,코
00232007,상지건설,042940,K,[기재정정]주요사항보고서(유상증자결정),20260605000403,상지건설,20260605,
00980122,JB금융지주,175330,Y,증권발행실적보고서,20260605000440,JB금융지주,20260605,
00102432,계룡건설산업,013580,Y,임원ㆍ주요주주특정증권등소유상황보고서,20260605000439,이승찬,20260605,
00579980,아이티엠반도체,084850,K,주식등의대량보유상황보고서(일반),20260605000438,NICE,20260605,
00113128,대한약품,023910,K,임원ㆍ주요주주특정증권등소유상황보고서,20260605000436,이윤우,20260605,
00391197,하이퍼코퍼레이션,065650,K,주주명부폐쇄기간또는기준일설정              ,20260605900591,하이퍼코퍼레이션,20260605,코
00391197,하이퍼코퍼레이션,065650,K,주주총회소집결의              ,20260605900593,하이퍼코퍼레이션,20260605,코
00110893,대신증권,003540,Y,일괄신고추가서류(기타파생결합사채),20260605000433,대신증권,20260605,
00160302,코스모화학,005420,Y,주식등의대량보유상황보고서(일반),20260605000432,코스모앤컴퍼니,20260605,
00117179,디와이,013570,Y,최대주주등소유주식변동신고서              ,20260605800601,디와이,20260605,유
00110893,대신증권,003540,Y,일괄신고추가서류(파생결합사채-주가연계파생결합사채),20260605000431,대신증권,20260605,
00615723,알엔티엑스,123010,K,전환청구권행사              ,20260605900598,알엔티엑스,20260605,코
01137383,카카오게임즈,293490,K,주주총회소집공고,20260605000429,카카오게임즈,20260605,
00148610,한화투자증권,003530,Y,일괄신고추가서류(파생결합증권-주가연계증권),20260605000428,한화투자증권,20260605,
00638487,파수AI,150900,K,주식등의대량보유상황보고서(일반),20260605000427,조규곤,20260605,
00158316,NICE,034310,Y,주식등의대량보유상황보고서(일반),20260605000425,김원우,20260605,
01511558,네오이뮨텍,950220,K,[기재정정]코스닥시장상장외국법인외부감사인선임ㆍ해임신고서              ,20260605900578,네오이뮨텍,20260605,코
00131850,SK증권,001510,Y,증권발행실적보고서,20260605000424,SK증권,20260605,
00117179,디와이,013570,Y,임원ㆍ주요주주특정증권등소유상황보고서,20260605000423,김진호,20260605,
00679314,동성케미컬,102260,Y,주주명부폐쇄기간또는기준일설정              ,20260605800572,동성케미컬,20260605,유
00117179,디와이,013570,Y,주식등의대량보유상황보고서(일반),20260605000421,조병호,20260605,
01116502,아티스트컴퍼니,321820,K,주주총회소집결의              (임시주주총회),20260605900579,아티스트컴퍼니,20260605,코
01466373,알트,459550,K,주요사항보고서(자기주식취득신탁계약체결결정),20260605000397,알트,20260605,
01409095,비트맥스,377030,K,주요사항보고서(자기전환사채만기전취득결정),20260605000392,비트맥스,20260605,
00106641,기아,000270,Y,의결권대리행사권유참고서류,20260605000416,기아,20260605,
01116502,아티스트컴퍼니,321820,K,주주명부폐쇄기간또는기준일설정              ,20260605900584,아티스트컴퍼니,20260605,코
00105606,금호에이치티,214330,Y,최대주주등소유주식변동신고서              ,20260605800581,금호에이치티,20260605,유
00115612,동부건설,005960,Y,주식등의대량보유상황보고서(일반),20260605000413,키스톤에코프라임,20260605,
00126292,삼성카드,029780,Y,증권발행실적보고서,20260605000412,삼성카드,20260605,
00170558,코웨이,021240,Y,임원ㆍ주요주주특정증권등소유상황보고서,20260605000411,넷마블,20260605,
00102432,계룡건설산업,013580,Y,최대주주등소유주식변동신고서              ,20260605800573,계룡건설산업,20260605,유
01095722,심텍,222800,K,주요사항보고서(제3자의전환사채매수선택권행사),20260605000408,심텍,20260605,
00106641,기아,000270,Y,주주총회소집공고,20260605000406,기아,20260605,
00105855,엘에스일렉트릭,010120,Y,[기재정정]단일판매ㆍ공급계약체결(자율공시)              ,20260605800568,엘에스일렉트릭,20260605,유
00152127,심텍홀딩스,036710,K,주권관련사채권의취득결정              ,20260605900543,심텍홀딩스,20260605,코
00105855,엘에스일렉트릭,010120,Y,[기재정정]단일판매ㆍ공급계약체결(자율공시)              ,20260605800561,엘에스일렉트릭,20260605,유
00453284,교촌에프앤비,339770,Y,주식등의대량보유상황보고서(일반),20260605000400,권원강,20260605,
00861076,케이탑리츠,145270,Y,주식등의대량보유상황보고서(일반),20260605000396,김철,20260605,
01070149,올리패스,244460,K,기타시장안내              (회생절차 개시결정 관련 시장안내),20260605900540,코스닥시장본부,20260605,코
00145109,유한양행,000100,Y,기업설명회(IR)개최(안내공시)              ,20260605800555,유한양행,20260605,유
00398808,디지털대성,068930,K,주식등의대량보유상황보고서(일반),20260605000394,대성출판,20260605,
00102432,계룡건설산업,013580,Y,단일판매ㆍ공급계약체결              ,20260605800533,계룡건설산업,20260605,유
01070149,올리패스,244460,K,회생절차개시결정              ,20260605900519,올리패스,20260605,코
00125664,삼미금속,012210,K,전환청구권행사              (제1회차),20260605900528,삼미금속,20260605,코
00583442,노루페인트,090350,Y,최대주주등소유주식변동신고서              ,20260605800551,노루페인트,20260605,유
00110875,대신정보통신,020180,K,의결권대리행사권유참고서류,20260605000389,대신정보통신,20260605,
01649620,아우토크립트,331740,K,임시주주총회결과              ,20260605900527,아우토크립트,20260605,코
00349732,코나아이,052400,K,[기재정정]주요사항보고서(자기주식취득결정),20260605000384,코나아이,20260605,
00109268,대동스틸,048470,K,임원ㆍ주요주주특정증권등소유상황보고서,20260605000388,임지현,20260605,
00145109,유한양행,000100,Y,기업설명회(IR)개최(안내공시)              ,20260605800545,유한양행,20260605,유
00139205,안국약품,001540,K,생산재개(자율공시)              ,20260605900542,안국약품,20260605,코
00109268,대동스틸,048470,K,임원ㆍ주요주주특정증권등소유상황보고서,20260605000380,임주희,20260605,
00110875,대신정보통신,020180,K,주주총회소집공고,20260605000378,대신정보통신,20260605,
00120289,제이에스티나,026040,K,주식등의대량보유상황보고서(약식),20260605000374,김도형,20260605,
00110750,플루토스,019570,K,주식등의대량보유상황보고서(약식),20260605000373,이상철,20260605,
01468061,레뷰코퍼레이션,443250,K,중간(분기)배당을위한주주명부폐쇄(기준일)결정              ,20260605900501,레뷰코퍼레이션,20260605,코
00148610,한화투자증권,003530,Y,투자설명서(일괄신고),20260605000371,한화투자증권,20260605,
00113359,교보증권,030610,Y,증권발행실적보고서,20260605000370,교보증권,20260605,
00122737,팬오션,028670,Y,임원ㆍ주요주주특정증권등소유상황보고서,20260605000369,김영주,20260605,
00120182,NH투자증권,005940,Y,증권발행실적보고서,20260605000366,NH투자증권,20260605,
00596260,투비소프트,079970,K,주권매매거래정지              (투자자 보호),20260605900505,코스닥시장본부,20260605,코
00961507,케일럼,258610,K,임원ㆍ주요주주특정증권등거래계획보고서,20260605000363,티엠씨,20260605,
00596260,투비소프트,079970,K,기타시장안내              (정리매매 보류 관련),20260605900493,코스닥시장본부,20260605,코
00596260,투비소프트,079970,K,기타경영사항(자율공시)              (상장폐지결정 효력정지 가처분신청),20260605900468,투비소프트,20260605,코
00296290,키움증권,039490,Y,증권발행실적보고서,20260605000361,키움증권,20260605,
00961507,케일럼,258610,K,임원ㆍ주요주주특정증권등거래계획보고서,20260605000360,그린테크시스템,20260605,
00706715,미원홀딩스,107590,Y,최대주주등소유주식변동신고서              ,20260605800515,미원홀딩스,20260605,유
00128032,삼일제약,000520,Y,임원ㆍ주요주주특정증권등소유상황보고서,20260605000358,김영대,20260605,
00113359,교보증권,030610,Y,증권발행실적보고서,20260605000357,교보증권,20260605,
00137997,현대차증권,001500,Y,증권발행실적보고서,20260605000355,현대차증권,20260605,
00296290,키움증권,039490,Y,증권발행실적보고서,20260605000352,키움증권,20260605,
00126292,삼성카드,029780,Y,풍문또는보도에대한해명(미확정)              ,20260605800481,삼성카드,20260605,유
00706715,미원홀딩스,107590,Y,임원ㆍ주요주주특정증권등소유상황보고서,20260605000350,미화물류,20260605,
00125080,AK홀딩스,006840,Y,[기재정정]금전대여결정(자회사의 주요경영사항)              ,20260605800460,AK홀딩스,20260605,유
00296290,키움증권,039490,Y,증권발행실적보고서,20260605000349,키움증권,20260605,
00113359,교보증권,030610,Y,증권발행실적보고서,20260605000348,교보증권,20260605,
01035678,링크드,193250,K,주요사항보고서(타법인주식및출자증권양도결정),20260605000316,링크드,20260605,
00870861,와이엠씨,155650,K,[기재정정]주식매수선택권부여에관한신고,20260605000347,와이엠씨,20260605,
01468061,레뷰코퍼레이션,443250,K,주식소각결정              ,20260605900464,레뷰코퍼레이션,20260605,코
00870861,와이엠씨,155650,K,[기재정정]주식매수선택권부여에관한신고,20260605000339,와이엠씨,20260605,
00118275,디아이,003160,Y,기업설명회(IR)개최(안내공시)              ,20260605800494,디아이,20260605,유
01491607,오에스피,368970,K,주식등의대량보유상황보고서(약식),20260605000338,지씨파트너스,20260605,
00120182,NH투자증권,005940,Y,증권발행실적보고서,20260605000336,NH투자증권,20260605,
00118275,디아이,003160,Y,[기재정정]사업보고서 (2025.12),20260605000334,디아이,20260605,연
00327396,옵트론텍,082210,K,주주총회소집결의              (임시주주총회),20260605900469,옵트론텍,20260605,코
00327396,옵트론텍,082210,K,주주명부폐쇄기간또는기준일설정              ,20260605900465,옵트론텍,20260605,코
01344831,딥노이드,315640,K,임시주주총회결과              ,20260605900441,딥노이드,20260605,코
00495633,율촌,146060,K,[기재정정]주요사항보고서(전환사채권발행결정),20260605000303,율촌,20260605,
00120182,NH투자증권,005940,Y,증권발행실적보고서,20260605000333,NH투자증권,20260605,
00137997,현대차증권,001500,Y,투자설명서(일괄신고),20260605000332,현대차증권,20260605,
00115694,DB증권,016610,Y,증권발행실적보고서,20260605000329,DB증권,20260605,
00632793,전진바이오팜,110020,K,임원ㆍ주요주주특정증권등소유상황보고서,20260605000327,이태훈,20260605,
00161383,한미반도체,042700,Y,기업설명회(IR)개최(안내공시)              ,20260605800483,한미반도체,20260605,유
00120182,NH투자증권,005940,Y,증권발행실적보고서,20260605000324,NH투자증권,20260605,
00151298,DSR제강,069730,Y,최대주주등소유주식변동신고서              ,20260605800480,DSR제강,20260605,유
00706715,미원홀딩스,107590,Y,임원ㆍ주요주주특정증권등소유상황보고서,20260605000321,김정돈,20260605,
00296290,키움증권,039490,Y,투자설명서(일괄신고),20260605000319,키움증권,20260605,
00161383,한미반도체,042700,Y,기업설명회(IR)개최(안내공시)              ,20260605800477,한미반도체,20260605,유
01095704,케이엠제약,225430,K,주주총회소집공고,20260605000317,케이엠제약,20260605,
00632793,전진바이오팜,110020,K,주식등의대량보유상황보고서(일반),20260605000315,이태훈,20260605,
00118275,디아이,003160,Y,주식등의대량보유상황보고서(일반),20260605000314,박원호,20260605,
00296290,키움증권,039490,Y,투자설명서(일괄신고),20260605000311,키움증권,20260605,
00155586,HLB이노베이션,024850,K,기업설명회(IR)개최              ,20260605900467,HLB이노베이션,20260605,코
00148610,한화투자증권,003530,Y,일괄신고추가서류(파생결합증권-주가연계증권),20260605000308,한화투자증권,20260605,
00137997,현대차증권,001500,Y,일괄신고추가서류(파생결합증권-주가연계증권),20260605000306,현대차증권,20260605,
00120182,NH투자증권,005940,Y,증권발행실적보고서,20260605000302,NH투자증권,20260605,
00580056,스맥,099440,K,기업설명회(IR)개최              ,20260605900456,스맥,20260605,코
00580056,스맥,099440,K,임원ㆍ주요주주특정증권등소유상황보고서,20260605000299,최영섭,20260605,
01351080,지아이이노베이션,358570,K,임원ㆍ주요주주특정증권등소유상황보고서,20260605000296,김국환,20260605,
00580056,스맥,099440,K,임원ㆍ주요주주특정증권등소유상황보고서,20260605000295,권오혁,20260605,
00120182,NH투자증권,005940,Y,증권발행실적보고서,20260605000290,NH투자증권,20260605,
00541437,코렌텍,104540,K,임원ㆍ주요주주특정증권등소유상황보고서,20260605000289,박형철,20260605,
01351080,지아이이노베이션,358570,K,임원ㆍ주요주주특정증권등소유상황보고서,20260605000288,조영규,20260605,
01043853,베노티앤알,206400,K,단일판매ㆍ공급계약체결              ,20260605900419,베노티앤알,20260605,코
00763473,코스메카코리아,241710,K,주요사항보고서(유형자산양수결정),20260605000279,코스메카코리아,20260605,정
00147860,에스엠벡셀,010580,Y,최대주주등소유주식변동신고서              ,20260605800446,에스엠벡셀,20260605,유
00197759,미래산업,025560,Y,의결권대리행사권유참고서류,20260605000286,미래산업,20260605,
01351080,지아이이노베이션,358570,K,임원ㆍ주요주주특정증권등소유상황보고서,20260605000285,윤나리,20260605,
00136271,신성이엔지,011930,Y,단일판매ㆍ공급계약체결(자율공시)              ,20260605800422,신성이엔지,20260605,유
00115694,DB증권,016610,Y,증권발행실적보고서,20260605000283,DB증권,20260605,
00111722,미래에셋증권,006800,Y,투자설명서(일괄신고),20260605000282,미래에셋증권,20260605,
00115694,DB증권,016610,Y,증권발행실적보고서,20260605000281,DB증권,20260605,
00197759,미래산업,025560,Y,주주총회소집공고,20260605000280,미래산업,20260605,
00113359,교보증권,030610,Y,증권발행실적보고서,20260605000278,교보증권,20260605,
00111722,미래에셋증권,006800,Y,투자설명서(일괄신고),20260605000277,미래에셋증권,20260605,
00115694,DB증권,016610,Y,증권발행실적보고서,20260605000276,DB증권,20260605,
00936787,애경케미칼,161000,Y,주식등의대량보유상황보고서(일반),20260605000275,AK홀딩스,20260605,
00555874,제주항공,089590,Y,주식등의대량보유상황보고서(일반),20260605000274,AK홀딩스,20260605,
00109693,DL,000210,Y,단일판매ㆍ공급계약체결(자회사의 주요경영사항)              ,20260605800410,DL,20260605,유
00113359,교보증권,030610,Y,증권발행실적보고서,20260605000273,교보증권,20260605,
01210190,모비릭스,348030,K,주요사항보고서(자기주식취득신탁계약체결결정),20260605000266,모비릭스,20260605,
01549472,대진첨단소재,393970,K,주식등의대량보유상황보고서(일반),20260605000270,유성준,20260605,
00113359,교보증권,030610,Y,증권발행실적보고서,20260605000269,교보증권,20260605,
00249441,씨씨에스,066790,K,소송등의제기ㆍ신청(경영권분쟁소송)              (임시주주총회 개최금지 가처분-즉시항고),20260605900386,씨씨에스,20260605,코
01524093,DL이앤씨,375500,Y,단일판매ㆍ공급계약체결              ,20260605800388,DL이앤씨,20260605,유
00683469,일진전기,103590,Y,[기재정정]단일판매ㆍ공급계약체결              ,20260605800406,일진전기,20260605,유
00111421,휴니드테크놀러지스,005870,Y,단일판매ㆍ공급계약체결              ,20260605800404,휴니드테크놀러지스,20260605,유
00157399,한솔테크닉스,004710,Y,[기재정정]투자설명서,20260605000264,한솔테크닉스,20260605,정
00104856,삼성증권,016360,Y,투자설명서(일괄신고),20260605000261,삼성증권,20260605,
00604426,인터로조,119610,K,임원ㆍ주요주주특정증권등소유상황보고서,20260605000257,김용직,20260605,
00157399,한솔테크닉스,004710,Y,[발행조건확정]증권신고서(지분증권),20260605000254,한솔테크닉스,20260605,정
00111722,미래에셋증권,006800,Y,일괄신고추가서류(파생결합사채-주가연계파생결합사채),20260605000253,미래에셋증권,20260605,
00111722,미래에셋증권,006800,Y,일괄신고추가서류(파생결합증권-주가연계증권),20260605000252,미래에셋증권,20260605,
00404941,한텍,098070,K,[기재정정]단일판매ㆍ공급계약체결              ,20260605900385,한텍,20260605,코
00127167,삼영무역,002810,Y,최대주주등소유주식변동신고서              ,20260605800390,삼영무역,20260605,유
00249441,씨씨에스,066790,K,[첨부정정]주요사항보고서(감자결정),20260605000243,씨씨에스,20260605,정
00883980,아이디스,143160,K,주식등의대량보유상황보고서(일반),20260605000246,아이디스홀딩스,20260605,
00173795,신흥,004080,Y,주요사항보고서(자기주식취득결정),20260605000222,신흥,20260605,
01213586,아이디피,332370,K,주식등의대량보유상황보고서(일반),20260605000245,아이디스홀딩스,20260605,
00669450,바이오프로테크,199290,N,주식등의대량보유상황보고서(일반),20260605000244,박익로,20260605,
00106881,인디에프,014990,Y,최대주주등소유주식변동신고서              ,20260605800380,인디에프,20260605,유
00573579,평화산업,090080,Y,임원ㆍ주요주주특정증권등소유상황보고서,20260605000239,황보철,20260605,
00117601,유안타증권,003470,Y,증권발행실적보고서,20260605000237,유안타증권,20260605,
00573579,평화산업,090080,Y,최대주주등소유주식변동신고서              ,20260605800374,평화산업,20260605,유
00459871,농심홀딩스,072710,Y,최대주주등소유주식변동신고서              ,20260605800372,농심홀딩스,20260605,유
00104856,삼성증권,016360,Y,일괄신고추가서류(파생결합사채-주가연계파생결합사채),20260605000232,삼성증권,20260605,
00106881,인디에프,014990,Y,임원ㆍ주요주주특정증권등소유상황보고서,20260605000231,김지숙,20260605,
01160363,에코프로비엠,247540,K,주식등의대량보유상황보고서(일반),20260605000229,에코프로,20260605,
00126371,삼성전기,009150,Y,임원ㆍ주요주주특정증권등소유상황보고서,20260605000224,국민연금공단,20260605,
01649204,달바글로벌,483650,Y,임원ㆍ주요주주특정증권등소유상황보고서,20260605000221,국민연금공단,20260605,
00172228,엔케이,085310,Y,임원ㆍ주요주주특정증권등소유상황보고서,20260605000219,더세이프티,20260605,
00117276,네이처셀,007390,K,기업설명회(IR)개최              ,20260605900356,네이처셀,20260605,코
00828497,한미약품,128940,Y,임원ㆍ주요주주특정증권등소유상황보고서,20260605000217,국민연금공단,20260605,
00260383,대한유화,006650,Y,임원ㆍ주요주주특정증권등소유상황보고서,20260605000215,국민연금공단,20260605,
01512575,코어라인소프트,384470,K,임원ㆍ주요주주특정증권등소유상황보고서,20260605000209,정우석,20260605,
00520610,씨큐브,101240,K,주식등의대량보유상황보고서(일반),20260605000208,스타치얼코퍼레이션,20260605,
00520610,씨큐브,101240,K,임원ㆍ주요주주특정증권등소유상황보고서,20260605000205,스타치얼코퍼레이션,20260605,
00688996,KB금융,105560,Y,기업설명회(IR)개최(안내공시)              ,20260605800347,KB금융,20260605,유
00296290,키움증권,039490,Y,증권발행실적보고서,20260605000203,키움증권,20260605,
01511558,네오이뮨텍,950220,K,주식등의대량보유상황보고서(일반),20260605000200,제넥신,20260605,
00390860,대산F&B,065150,K,임원ㆍ주요주주특정증권등소유상황보고서,20260605000199,김상욱,20260605,
00147860,에스엠벡셀,010580,Y,주식등의대량보유상황보고서(일반),20260605000198,에스엠하이플러스,20260605,
00494546,오비고,352910,K,임원ㆍ주요주주특정증권등소유상황보고서,20260605000197,장영준,20260605,
00105606,금호에이치티,214330,Y,임원ㆍ주요주주특정증권등소유상황보고서,20260605000196,김두인,20260605,
00494546,오비고,352910,K,주식등의대량보유상황보고서(일반),20260605000195,장영준,20260605,
01210190,모비릭스,348030,K,임원ㆍ주요주주특정증권등소유상황보고서,20260605000193,이남일,20260605,
01210190,모비릭스,348030,K,주식등의대량보유상황보고서(일반),20260605000191,임중수,20260605,
00108490,엔피케이,048830,K,임원ㆍ주요주주특정증권등소유상황보고서,20260605000190,최상건,20260605,정
00171636,한솔홀딩스,004150,Y,유형자산처분결정(자회사의 주요경영사항)              ,20260605800336,한솔홀딩스,20260605,유
00157399,한솔테크닉스,004710,Y,유형자산처분결정              ,20260605800335,한솔테크닉스,20260605,유
00606886,엔지켐생명과학,183490,K,[기재정정]주식등의대량보유상황보고서(일반),20260605000189,남윤희,20260605,
01351080,지아이이노베이션,358570,K,임원ㆍ주요주주특정증권등소유상황보고서,20260605000188,김제이,20260605,
01351080,지아이이노베이션,358570,K,임원ㆍ주요주주특정증권등소유상황보고서,20260605000187,박승범,20260605,
00606886,엔지켐생명과학,183490,K,[기재정정]주식등의대량보유상황보고서(일반),20260605000186,남윤희,20260605,
01351080,지아이이노베이션,358570,K,임원ㆍ주요주주특정증권등소유상황보고서,20260605000185,김찬미,20260605,
00447487,제주반도체,080220,K,[첨부정정]의결권대리행사권유참고서류,20260605000184,제주반도체,20260605,
01406265,와이랩,432430,K,임원ㆍ주요주주특정증권등소유상황보고서,20260605000181,윤지영,20260605,
00871587,보원케미칼,0010F0,K,임원ㆍ주요주주특정증권등소유상황보고서,20260605000179,장희진,20260605,
00363510,제이케이시냅스,060230,K,임시주주총회결과              ,20260605900317,제이케이시냅스,20260605,코
00106881,인디에프,014990,Y,임원ㆍ주요주주특정증권등소유상황보고서,20260605000178,김한수,20260605,
00103042,케이씨티시,009070,Y,[기재정정]타법인주식및출자증권취득결정              ,20260605800305,케이씨티시,20260605,유
00447487,제주반도체,080220,K,[기재정정]주주총회소집공고,20260605000174,제주반도체,20260605,
00121932,미원상사,002840,Y,임원ㆍ주요주주특정증권등소유상황보고서,20260605000173,염영진,20260605,
01299106,우듬지팜,403490,K,임원ㆍ주요주주특정증권등소유상황보고서,20260605000172,김호연,20260605,
01270749,웨이비스,289930,K,신규시설투자등              ,20260605900298,웨이비스,20260605,코
00671978,그리티,204020,K,주식등의대량보유상황보고서(일반),20260605000169,문영우,20260605,
00671978,그리티,204020,K,임원ㆍ주요주주특정증권등소유상황보고서,20260605000168,문영우,20260605,
00885906,에이치와이티씨,148930,K,주요사항보고서(자기주식취득신탁계약체결결정),20260605000150,에이치와이티씨,20260605,
00121932,미원상사,002840,Y,최대주주등소유주식변동신고서              ,20260605800303,미원상사,20260605,유
00132868,우성머티리얼스,011300,Y,주식등의대량보유상황보고서(약식),20260605000158,동양잉크,20260605,
01641600,에이럭스,475580,K,금전대여결정              ,20260605900284,에이럭스,20260605,코
00524421,테스,095610,K,단일판매ㆍ공급계약체결(자율공시)              ,20260605900283,테스,20260605,코
01117246,EMB,278990,N,임원ㆍ주요주주특정증권등소유상황보고서,20260605000156,박관련,20260605,
00122737,팬오션,028670,Y,임원ㆍ주요주주특정증권등소유상황보고서,20260605000155,신재호,20260605,
00367871,인바이오,352940,K,임원ㆍ주요주주특정증권등소유상황보고서,20260605000153,이혁재,20260605,
01376715,디앤디파마텍,347850,K,기업설명회(IR)개최              ,20260605900268,디앤디파마텍,20260605,코
00429694,파버나인,177830,K,주식등의대량보유상황보고서(약식),20260605000146,오라이언자산운용,20260605,
00526696,웨이브일렉트로,095270,K,임시주주총회결과              ,20260605900274,웨이브일렉트로,20260605,코
00508344,SK디앤디,210980,Y,주주명부폐쇄기간또는기준일설정              ,20260605800271,SK디앤디,20260605,유
00148920,조광페인트,004910,Y,임원ㆍ주요주주특정증권등소유상황보고서,20260605000140,박석주,20260605,
00541437,코렌텍,104540,K,임원ㆍ주요주주특정증권등소유상황보고서,20260605000139,박형철,20260605,
00544577,브이엠,089970,K,주식등의대량보유상황보고서(약식),20260605000134,J.P.MORGANSECURITIESPLC,20260605,
00508344,SK디앤디,210980,Y,주주총회소집결의              ,20260605800242,SK디앤디,20260605,유
00475985,시너지이노베이션,048870,K,기타경영사항(자율공시)              (자기사채(제14회차 전환사채) 소각 결정의 건),20260605900257,시너지이노베이션,20260605,코
00878915,iM금융지주,139130,Y,임원ㆍ주요주주특정증권등소유상황보고서,20260605000127,천병규,20260605,
01366000,태성,323280,K,주주명부폐쇄기간또는기준일설정              ,20260605900256,태성,20260605,코
01142075,핑거,163730,K,[기재정정]주요사항보고서(유상증자결정),20260605000113,핑거,20260605,
01101041,패션플랫폼,225590,K,임원ㆍ주요주주특정증권등소유상황보고서,20260605000124,메이븐에프씨,20260605,
01366000,태성,323280,K,주주총회소집결의              (임시주주총회),20260605900235,태성,20260605,코
00223762,KT지니뮤직,043610,K,[기재정정]사업보고서 (2025.12),20260605000121,KT지니뮤직,20260605,연
01140837,이지트로닉스,377330,K,주주총회소집공고,20260605000120,이지트로닉스,20260605,
00113359,교보증권,030610,Y,투자설명서(일괄신고),20260605000119,교보증권,20260605,
00965062,코셋,189350,N,기업설명회(IR)개최              ,20260605600228,코셋,20260605,넥
01238169,오리온,271560,Y,주식등의대량보유상황보고서(일반),20260605000116,오리온홀딩스,20260605,
01397772,큐라클,365270,K,[기재정정]투자판단관련주요경영사항              (이중항체 MT103 기술이전 계약 체결),20260605900221,큐라클,20260605,코
00349732,코나아이,052400,K,주요사항보고서(자기주식취득결정),20260605000102,코나아이,20260605,정
00991225,더콘텐츠온,302920,N,[기재정정]타법인주식및출자증권취득결정              ,20260605600203,더콘텐츠온,20260605,넥
00105101,INVENI,015360,Y,[기재정정]사업보고서 (2025.12),20260605000111,INVENI,20260605,연
00155948,로젠,033290,K,기업설명회(IR)개최              ,20260605900226,로젠,20260605,코
01336443,디와이씨,310870,K,주식등의대량보유상황보고서(약식),20260605000110,LIG디펜스앤에어로스페이스,20260605,
00349060,한스바이오메드,042520,K,주식등의대량보유상황보고서(약식),20260605000106,한국투자신탁운용,20260605,
00480048,모다이노칩,080420,K,기업설명회(IR)개최              ,20260605900216,모다이노칩,20260605,코
00226547,오상자이엘,053980,K,임원ㆍ주요주주특정증권등소유상황보고서,20260605000105,김선기,20260605,
00113359,교보증권,030610,Y,일괄신고추가서류(파생결합사채-주가연계파생결합사채),20260605000104,교보증권,20260605,
00407036,선바이오,067370,K,전환가액의조정              (제4회차),20260605900204,선바이오,20260605,코
00688358,하이즈항공,221840,K,임시주주총회결과              ,20260605900193,하이즈항공,20260605,코
00628189,웅진씽크빅,095720,Y,최대주주등소유주식변동신고서              ,20260605800200,웅진씽크빅,20260605,유
00428729,대호에이엘,069460,Y,[기재정정]주식등의대량보유상황보고서(일반),20260605000092,이상인,20260605,
00296290,키움증권,039490,Y,일괄신고추가서류(파생결합사채-주가연계파생결합사채),20260605000089,키움증권,20260605,
00983916,HLB제넥스,187420,K,임원ㆍ주요주주특정증권등소유상황보고서,20260605000088,진양곤,20260605,
00552859,HLB테라퓨틱스,115450,K,임원ㆍ주요주주특정증권등소유상황보고서,20260605000087,진양곤,20260605,
00410915,서울옥션,063170,K,주식등의대량보유상황보고서(일반),20260605000085,이호재,20260605,
00231707,비트컴퓨터,032850,K,임원ㆍ주요주주특정증권등소유상황보고서,20260605000084,조재석,20260605,
00148610,한화투자증권,003530,Y,투자설명서(일괄신고),20260605000083,한화투자증권,20260605,
00113359,교보증권,030610,Y,투자설명서(일괄신고),20260605000081,교보증권,20260605,
00927558,유바이오로직스,206650,K,단일판매ㆍ공급계약체결(자율공시)              ,20260605900172,유바이오로직스,20260605,코
00113359,교보증권,030610,Y,투자설명서(일괄신고),20260605000080,교보증권,20260605,
00111722,미래에셋증권,006800,Y,[기재정정]투자설명서,20260605000076,미래에셋증권,20260605,
00148610,한화투자증권,003530,Y,일괄신고추가서류(기타파생결합사채),20260605000075,한화투자증권,20260605,
00296290,키움증권,039490,Y,일괄신고추가서류(파생결합증권-주가연계증권),20260605000074,키움증권,20260605,
00126380,삼성전자,005930,Y,임원ㆍ주요주주특정증권등소유상황보고서,20260605000073,김이수,20260605,
00136624,신영와코루,005800,Y,[기재정정]기업지배구조보고서공시              ,20260605800163,신영와코루,20260605,유
00102751,고려산업,002140,Y,타인에대한채무보증결정              ,20260605800173,고려산업,20260605,유
00113359,교보증권,030610,Y,일괄신고추가서류(파생결합사채-주가연계파생결합사채),20260605000071,교보증권,20260605,
00157399,한솔테크닉스,004710,Y,유상증자신주발행가액(안내공시)              ,20260605800164,한솔테크닉스,20260605,유
00113359,교보증권,030610,Y,투자설명서(일괄신고),20260605000068,교보증권,20260605,
00113359,교보증권,030610,Y,일괄신고추가서류(파생결합증권-주가연계증권),20260605000066,교보증권,20260605,
01261893,케이씨텍,281820,Y,임원ㆍ주요주주특정증권등소유상황보고서,20260605000063,정의훈,20260605,
00113359,교보증권,030610,Y,일괄신고추가서류(기타파생결합사채),20260605000062,교보증권,20260605,
00172291,더존비즈온,012510,Y,최대주주등소유주식변동신고서              ,20260605800158,더존비즈온,20260605,유
00126380,삼성전자,005930,Y,임원ㆍ주요주주특정증권등소유상황보고서,20260605000061,이지훈,20260605,
00572905,ISC,095340,K,기업설명회(IR)개최              ,20260605900155,ISC,20260605,코
00171636,한솔홀딩스,004150,Y,[기재정정]주요사항보고서(유상증자결정)(자회사의 주요경영사항)              ,20260605800151,한솔홀딩스,20260605,유
00327396,옵트론텍,082210,K,주식등의대량보유상황보고서(약식),20260605000052,노틱그린이노베이션이에스지사모투자,20260605,
00157399,한솔테크닉스,004710,Y,[기재정정]주요사항보고서(유상증자결정),20260605000028,한솔테크닉스,20260605,
00122737,팬오션,028670,Y,임원ㆍ주요주주특정증권등소유상황보고서,20260605000049,성제용,20260605,
00226547,오상자이엘,053980,K,주식등의대량보유상황보고서(일반),20260605000047,오상,20260605,
00113359,교보증권,030610,Y,투자설명서(일괄신고),20260605000045,교보증권,20260605,
01238169,오리온,271560,Y,기업설명회(IR)개최(안내공시)              ,20260605800146,오리온,20260605,유
01116265,카티스,140430,K,단일판매ㆍ공급계약체결              ,20260605900108,카티스,20260605,코
00113359,교보증권,030610,Y,일괄신고추가서류(파생결합사채-주가연계파생결합사채),20260605000044,교보증권,20260605,
00107598,남양유업,003920,Y,주식등의대량보유상황보고서(일반),20260605000041,한앤코유업홀딩스,20260605,
00137997,현대차증권,001500,Y,증권발행실적보고서,20260605000037,현대차증권,20260605,
00480367,SK오션플랜트,100090,Y,주식등의대량보유상황보고서(일반),20260605000032,에스케이에코플랜트,20260605,
00117601,유안타증권,003470,Y,증권발행실적보고서,20260605000029,유안타증권,20260605,
00172680,동국산업,005160,K,임원ㆍ주요주주특정증권등소유상황보고서,20260605000015,이원휘,20260605,
00111722,미래에셋증권,006800,Y,투자설명서,20260605000003,미래에셋증권,20260605,정
00299002,HL홀딩스,060980,Y,최대주주등소유주식변동신고서              ,20260605800042,HL홀딩스,20260605,유
01343665,RF머트리얼즈,327260,K,효력발생안내( 2026.5.19. 제출 증권신고서(지분증권) ),20260519100002,금융감독원,20260605,
00299002,HL홀딩스,060980,Y,주식등의대량보유상황보고서(일반),20260604000658,정몽원,20260605,
00299002,HL홀딩스,060980,Y,임원ㆍ주요주주특정증권등소유상황보고서,20260604000652,정지연,20260605,
01307335,공구우먼,366030,K,임원ㆍ주요주주특정증권등소유상황보고서,20260604000667,티에스 2018-12 M&A 투자조합,20260605,
00249441,씨씨에스,066790,K,[기재정정]주요사항보고서(감자결정),20260604000656,씨씨에스,20260605,정
00866451,워트,396470,K,주식등의대량보유상황보고서(일반),20260604000665,박승배,20260605,
00866451,워트,396470,K,임원ㆍ주요주주특정증권등소유상황보고서,20260604000660,양귀철,20260605,
01649204,달바글로벌,483650,Y,[기재정정]주요사항보고서(자기주식취득신탁계약체결결정),20260604000657,달바글로벌,20260605,정
01700587,이노스페이스,462350,K,주요사항보고서(무상증자결정),20260604000654,이노스페이스,20260605,정
00110884,엠젠솔루션,032790,K,[첨부정정]주요사항보고서(전환사채권발행결정),20260604000655,엠젠솔루션,20260605,정
