Sector,거래량,거래대금,공매도거래대금,개인_순매수량,개인_순매수대금,외국인_순매수량,외국인_순매수대금,기관합계_순매수량,기관합계_순매수대금,금융투자_순매수량,금융투자_순매수대금,보험_순매수량,보험_순매수대금,투신_순매수량,투신_순매수대금,은행_순매수량,은행_순매수대금,연기금_순매수량,연기금_순매수대금,사모_순매수량,사모_순매수대금,기타법인_순매수량,기타법인_순매수대금,기타외국인_순매수량,기타외국인_순매수대금,종목수
1차 비철금속 제조업,93144111,578302367555,9495934434,2036657.0,-603456225.0,-1094732.0,14654024936.0,-705929.0,-12237838672.0,-92278.0,-10128244293.0,363.0,282935600.0,-9837.0,458259878.0,-27.0,-1738700.0,30831.0,-87070873.0,-638464.0,-3162981434.0,-246693.0,-568674575.0,10697.0,-1244055464.0,23
1차 철강 제조업,24310367,922291117810,22801929962,-1106453.0,-46052972421.0,1329867.0,116214176375.0,-276652.0,-67584505991.0,42891.0,-38080491711.0,3841.0,-4322030925.0,11613.0,-5436873405.0,-8969.0,-194282880.0,-166426.0,-5070790965.0,-158707.0,-14388105880.0,83857.0,-2307443765.0,-30619.0,-269254198.0,59
가구 제조업,540935,2747151847,152550479,75545.0,246065539.0,-65206.0,-171380401.0,-3561.0,-59189087.0,-2131.0,-30587192.0,2.0,64600.0,-47.0,-971840.0,0.0,800.0,-1326.0,-26479015.0,-59.0,-1216440.0,-1089.0,-5900920.0,-5689.0,-9595131.0,9
가전제품 및 정보통신장비 소매업,134243,933970080,143134750,32148.0,225401090.0,-26077.0,-182521865.0,-6009.0,-42576270.0,1393.0,8953200.0,0.0,0.0,-87.0,-603010.0,0.0,0.0,0.0,0.0,-7315.0,-50926460.0,0.0,150.0,-62.0,-303105.0,2
가정용 기기 제조업,1396538,22132627191,1948199780,-314380.0,-1150090727.0,331842.0,1893714204.0,-14702.0,-576501080.0,-17250.0,-743790280.0,-124.0,-8775200.0,-6254.0,-437804450.0,0.0,0.0,0.0,0.0,8927.0,613939450.0,-1950.0,-153115000.0,-810.0,-14007397.0,8
"가죽, 가방 및 유사제품 제조업",696167,5223016285,59748265,-79644.0,-523543460.0,65642.0,342184795.0,13935.0,168268580.0,1102.0,19638755.0,-59.0,-804460.0,3415.0,46380720.0,-203.0,-12136800.0,-392.0,-24616100.0,10272.0,140836925.0,-1055.0,21766330.0,1122.0,-8676245.0,5
개인 및 가정용품 수리업,0,0,0,0.0,0.0,0.0,0.0,0.0,0.0,0.0,0.0,0.0,0.0,0.0,0.0,0.0,0.0,0.0,0.0,0.0,0.0,0.0,0.0,0.0,0.0,1
개인 및 가정용품 임대업,33575,804183900,45902150,864.0,20175850.0,-10497.0,-251488825.0,10423.0,250279275.0,-7.0,-174175.0,8310.0,199390700.0,5360.0,128679750.0,0.0,0.0,-3197.0,-76589300.0,-43.0,-1027700.0,-694.0,-16662000.0,-96.0,-2304300.0,1
건물 건설업,19980562,515084812291,22376378791,-767407.0,-33273289636.0,544039.0,24346099811.0,126639.0,6787942172.0,154785.0,4723218132.0,-28515.0,-400279630.0,66422.0,448240091.0,-4331.0,-11435631.0,-10338.0,-552161475.0,-17615.0,2770261980.0,67809.0,545196924.0,28920.0,1594050729.0,24
건물설비 설치 공사업,131001,2387655185,20876320,25276.0,507353245.0,-24525.0,-484292870.0,-2324.0,-53466115.0,366.0,3093935.0,0.0,0.0,-2167.0,-45240450.0,0.0,0.0,0.0,0.0,-523.0,-11319600.0,1787.0,35938590.0,-214.0,-5532850.0,2
"건축기술, 엔지니어링 및 관련 기술 서비스업",14530073,545658688930,29519046903,-180716.0,-857747624.0,380861.0,15182494728.0,-219209.0,-13551163319.0,-2203.0,-2528657859.0,-6115.0,-696614000.0,-103798.0,-4187462745.0,306.0,50227500.0,-74829.0,-3684838870.0,-32490.0,-2452622495.0,-15419.0,-1451166971.0,34483.0,677583186.0,16
"건축자재, 철물 및 난방장치 도매업",1067261,1591716954,39588773,-70213.0,-103523754.0,78246.0,115425853.0,1168.0,1775266.0,1273.0,1933501.0,0.0,0.0,-105.0,-158235.0,0.0,0.0,0.0,0.0,0.0,0.0,-10000.0,-14871847.0,799.0,1194482.0,1
"경비, 경호 및 탐정업",122985,8904623500,2786297000,9804.0,696222500.0,-8663.0,-618917700.0,-1312.0,-89466400.0,-6086.0,-431369550.0,-513.0,-37145150.0,1421.0,96428050.0,0.0,0.0,100.0,8149950.0,3766.0,274467600.0,185.0,13200300.0,-14.0,-1038700.0,1
고무제품 제조업,2988147,49167480661,9433951610,299450.0,6908644837.0,-245457.0,-4704340910.0,-57714.0,-2251877642.0,-91476.0,-2443191922.0,-6284.0,-215951775.0,9623.0,229426675.0,-4699.0,-44362570.0,20602.0,223890360.0,14321.0,-13572810.0,2097.0,143477508.0,1624.0,-95903793.0,8
"곡물가공품, 전분 및 전분제품 제조업",1580159,3054284994,106976796,262534.0,380699857.0,-266328.0,-407994999.0,-2733.0,-6521078.0,1636.0,5336351.0,-523.0,-1418354.0,-184.0,-497940.0,-3523.0,-9563750.0,0.0,0.0,-139.0,-377385.0,20463.0,53235162.0,-13936.0,-19418942.0,7
"골판지, 종이 상자 및 종이용기 제조업",3597572,7838456290,346812364,-130569.0,-57628870.0,-12376.0,-214904598.0,15901.0,-132455583.0,-2980.0,14989194.0,57.0,662010.0,-1371.0,-11436875.0,0.0,0.0,-2153.0,-24957130.0,22347.0,-111724272.0,135913.0,418753759.0,-8869.0,-13764708.0,9
"과실, 채소 가공 및 저장 처리업",570146,1246355017,29598407,-21744.0,70752945.0,20094.0,-73881332.0,136.0,-554558.0,136.0,-554558.0,0.0,0.0,0.0,0.0,0.0,0.0,0.0,0.0,0.0,0.0,2080.0,6914040.0,-566.0,-3231095.0,3
광고업,2694636,23304854911,2139602566,-67835.0,-2180291772.0,-17156.0,844026413.0,73077.0,1553518308.0,-32447.0,-576284362.0,52782.0,1077132430.0,-13743.0,-168632035.0,0.0,0.0,60487.0,1151956255.0,7227.0,94223130.0,12144.0,-351052128.0,-230.0,133799179.0,19
교육지원 서비스업,39780,101650190,5149300,4009.0,10418800.0,-2906.0,-7559390.0,-131.0,-348190.0,-131.0,-348190.0,0.0,0.0,0.0,0.0,0.0,0.0,0.0,0.0,0.0,0.0,0.0,0.0,-972.0,-2511220.0,1
"구조용 금속제품, 탱크 및 증기발생기 제조업",13910371,176536732757,6247593892,-754311.0,-8547543453.0,947648.0,22477880258.0,-328032.0,-15723116567.0,-38025.0,-2402842111.0,-40764.0,-1777655150.0,-19515.0,-660802101.0,-559.0,-9622260.0,-212228.0,-9722230925.0,-15588.0,-1089597395.0,-7670.0,-110717163.0,142365.0,1903496925.0,21
귀금속 및 장신용품 제조업,1028312,2029370128,37777431,43484.0,69735962.0,6387.0,22216447.0,-45752.0,-80747533.0,-1994.0,-4240178.0,0.0,0.0,-186.0,-333870.0,0.0,0.0,-43572.0,-76173485.0,0.0,0.0,414.0,1598358.0,-4533.0,-12803234.0,2
그외 기타 개인 서비스업,373454,34362483136,3877489200,-3150.0,-288395850.0,-70259.0,-6482362300.0,25150.0,2320195750.0,-12678.0,-1173565600.0,-1171.0,-107738300.0,36865.0,3399377050.0,16.0,1481600.0,604.0,61430150.0,1348.0,123839650.0,51511.0,4751113600.0,-3252.0,-300551200.0,1
그외 기타 운송장비 제조업,1496196,151975039879,15878412695,44914.0,12505830280.0,-34027.0,-8121299597.0,-33517.0,-4945189094.0,-35656.0,-7596777604.0,-2122.0,-457876500.0,10346.0,2353073270.0,0.0,0.0,-5406.0,880904810.0,-337.0,-49974620.0,-1054.0,476295684.0,23684.0,84362727.0,5
"그외 기타 전문, 과학 및 기술 서비스업",4148079,135352651051,3873479728,88972.0,6946908236.0,-26421.0,286215602.0,-61671.0,-5833448003.0,25776.0,4768797667.0,-1887.0,-84067625.0,-18014.0,-3174415300.0,0.0,0.0,-532.0,-15655730.0,-67016.0,-7328186265.0,-5786.0,-1605163750.0,4906.0,205487915.0,16
그외 기타 제품 제조업,1148560,7901909496,79457844,-123270.0,-1381091985.0,68820.0,1095790969.0,38047.0,127294360.0,2086.0,3421220.0,0.0,0.0,5958.0,64240370.0,0.0,0.0,0.0,0.0,30003.0,59632770.0,5828.0,82832767.0,10575.0,75173889.0,10
금속 주조업,4728171,8318073702,42593902,-162276.0,-298067630.0,141071.0,269996733.0,59882.0,95157945.0,59882.0,95157945.0,0.0,0.0,0.0,0.0,0.0,0.0,0.0,0.0,0.0,0.0,7.0,-109257.0,-38684.0,-66977791.0,3
금융 지원 서비스업,54610736,1343859731170,134946820748,1149128.0,213114635362.0,-184926.0,-151247374065.0,-841907.0,-62618185419.0,-704373.0,-47630476340.0,-34077.0,-3673692780.0,-285908.0,654272070.0,-64059.0,-3623600125.0,429770.0,7826317985.0,-199465.0,-17428143464.0,-57008.0,1116382100.0,-65287.0,-365457978.0,90
기계장비 및 관련 물품 도매업,7458454,141668571981,14544582003,-321033.0,-17547469986.0,299612.0,1461692719.0,50522.0,16592665984.0,16664.0,4873430074.0,-2157.0,-240964300.0,36528.0,8937970030.0,0.0,0.0,-9518.0,-2226639500.0,17712.0,5295123320.0,-26208.0,-388693736.0,-2893.0,-118194981.0,24
기록매체 복제업,275029,365919385,8104893,31450.0,42036505.0,-36976.0,-49447931.0,3710.0,4985036.0,3710.0,4985036.0,0.0,0.0,0.0,0.0,0.0,0.0,0.0,0.0,0.0,0.0,0.0,0.0,1816.0,2426390.0,1
기반조성 및 시설물 축조관련 전문공사업,627887,4327038460,49804410,-11136.0,-346591205.0,-13035.0,-4296130.0,24174.0,350788715.0,25288.0,412656510.0,0.0,0.0,-19.0,-306280.0,0.0,0.0,-4567.0,-74503590.0,3472.0,12942075.0,-9.0,-48090.0,6.0,146710.0,3
기초 의약물질 제조업,15899315,861016737412,51572942817,-557402.0,-71253983455.0,564733.0,70050294893.0,-97361.0,9449848037.0,-201326.0,-7912897938.0,25157.0,3266685375.0,35838.0,9720042675.0,232.0,43693200.0,44562.0,4213057225.0,-1213.0,281365620.0,103050.0,-7024765210.0,-13020.0,-1221394265.0,45
기초 화학물질 제조업,25723186,1254434441931,63317336606,1013019.0,79690893829.0,947292.0,63076367097.0,-2049773.0,-171390098395.0,-336086.0,-34655756885.0,-97278.0,-8580674435.0,-950576.0,-77005901920.0,-20764.0,-920144000.0,-234429.0,-19921751605.0,-404608.0,-29742429055.0,91163.0,27515589830.0,-1701.0,1107247639.0,50
기타 과학기술 서비스업,1720495,19057056677,128201460,-72271.0,-631855795.0,44440.0,431016705.0,-7809.0,-105656100.0,-12359.0,-123695960.0,0.0,0.0,0.0,0.0,0.0,0.0,0.0,0.0,4550.0,18039860.0,10262.0,69399165.0,25378.0,237096025.0,5
기타 교육기관,45822,603545785,39838995,8056.0,144867025.0,-15014.0,-157615500.0,7590.0,13546150.0,8532.0,38559600.0,0.0,0.0,0.0,0.0,0.0,0.0,0.0,0.0,-942.0,-25013450.0,-164.0,75775.0,-468.0,-873450.0,2
기타 금속 가공제품 제조업,11488615,140809837747,2051191543,-707046.0,-4961351135.0,854147.0,12101278733.0,-256619.0,-7209810606.0,-79062.0,-1856806391.0,-2150.0,-98574520.0,4656.0,-1005490060.0,0.0,0.0,-105670.0,-2175673205.0,-72667.0,-2041779770.0,24558.0,-1227463885.0,84960.0,1297346893.0,26
기타 금융업,158912255,4271643430873,254862872525,805262.0,34801363271.0,-553211.0,48378089760.0,-1202681.0,-113916211028.0,-521603.0,-63047250471.0,-152468.0,-17980619180.0,-37857.0,7679509254.0,105553.0,3140231090.0,-461638.0,-12971836356.0,-210563.0,-41663806965.0,1117685.0,33305731793.0,-167055.0,-2568973796.0,104
기타 비금속 광물제품 제조업,8968551,104899101725,4010444329,-893250.0,-10171527411.0,825778.0,8302764256.0,-5995.0,1004180288.0,-145.0,1970674097.0,1456.0,455730250.0,3804.0,292335150.0,0.0,0.0,-1846.0,-59415730.0,-9264.0,-1655135979.0,-33537.0,-272650142.0,107004.0,1137233009.0,9
기타 사업지원 서비스업,783922,4478680183,219694845,47013.0,423749493.0,-41567.0,-348148213.0,-17732.0,-151821850.0,-909.0,5018330.0,-226.0,-2848020.0,-11321.0,-128973783.0,0.0,0.0,-698.0,-6947235.0,-4578.0,-18072242.0,8476.0,49500830.0,3810.0,26719740.0,8
기타 상품 전문 소매업,2053600,51067673625,4426607915,-152444.0,-10799217490.0,64755.0,5190844120.0,93098.0,5928510735.0,-2009.0,-55347355.0,-2483.0,-154691950.0,104532.0,6540836220.0,0.0,0.0,-15126.0,-940114600.0,8184.0,537826620.0,929.0,-241003200.0,-6338.0,-79134165.0,3
기타 생활용품 소매업,84398,180225865,0,2836.0,5739745.0,-3822.0,-7829995.0,0.0,0.0,0.0,0.0,0.0,0.0,0.0,0.0,0.0,0.0,0.0,0.0,0.0,0.0,335.0,711815.0,651.0,1378435.0,2
기타 섬유제품 제조업,229838,821124780,2696300,35965.0,145362850.0,-32021.0,-122294930.0,0.0,-14860.0,0.0,-14860.0,0.0,0.0,0.0,0.0,0.0,0.0,0.0,0.0,0.0,0.0,-199.0,-1437030.0,-3745.0,-21616030.0,3
기타 식품 제조업,8534190,184190993625,31738576318,195967.0,14439135066.0,7730.0,-11682372189.0,-218164.0,-3214655264.0,1243.0,-876721629.0,-25405.0,-153607050.0,1475.0,1661312510.0,-92.0,-32567840.0,-73311.0,-3426891985.0,-121851.0,-274018570.0,11800.0,386941303.0,2667.0,70951084.0,34
기타 운송관련 서비스업,2964698,372352233461,29793371685,-193266.0,-32078406713.0,93747.0,-8120143067.0,106366.0,39303998950.0,34249.0,9386554685.0,11498.0,3180680500.0,61365.0,16499595750.0,-246.0,-14986300.0,15325.0,13241080815.0,-15883.0,-3007578500.0,6879.0,287769365.0,-13726.0,606781465.0,6
기타 전기장비 제조업,8413060,193528154935,4928397728,-601859.0,-12855917384.0,422672.0,3141718509.0,171784.0,11181154380.0,34172.0,2620353995.0,-8177.0,-556984300.0,202540.0,13505871425.0,0.0,0.0,-75572.0,-5362699410.0,18821.0,974613270.0,17212.0,-955319095.0,-9809.0,-511636410.0,12
기타 전문 도매업,38857864,840172059809,58179320273,-101042.0,-10040366139.0,305697.0,-1299559477.0,-29880.0,10921359647.0,5696.0,-1282304613.0,3939.0,2413745260.0,130624.0,13393588330.0,-200.0,-13525100.0,-162002.0,4033141565.0,-8752.0,-7985053585.0,-25897.0,1907444832.0,-148878.0,-1488878863.0,35
기타 전문 서비스업,98162,1193236495,186020,-6551.0,-86689260.0,-2366.0,-53522560.0,-1730.0,-27830580.0,72.0,654600.0,0.0,0.0,0.0,0.0,0.0,0.0,0.0,0.0,-1802.0,-28485180.0,10214.0,162741450.0,433.0,5300950.0,2
기타 정보 서비스업,3253783,24203294462,870404702,138594.0,1484742877.0,-143570.0,-2029770336.0,28424.0,566120353.0,18682.0,141726022.0,17718.0,548258365.0,-1034.0,-78671825.0,0.0,0.0,-1682.0,-30274460.0,-5259.0,-14889149.0,-29455.0,-80307370.0,6007.0,59214476.0,19
기타 종이 및 판지 제품 제조업,514972,1339876695,13561760,59843.0,217064651.0,-47374.0,-84856331.0,-197.0,-1697215.0,-197.0,-1697215.0,0.0,0.0,0.0,0.0,0.0,0.0,0.0,0.0,0.0,0.0,-12728.0,-119786440.0,456.0,-10724665.0,3
기타 화학제품 제조업,54339034,1363057773505,90370636814,-320998.0,-28136351722.0,1683491.0,86021292135.0,-1182757.0,-52119041654.0,-307410.0,-5675808604.0,8895.0,2987748520.0,-546356.0,-33066036475.0,-2668.0,372502330.0,-32512.0,6496896610.0,-276548.0,-14996779330.0,-180989.0,-3312891789.0,1253.0,-2453006970.0,95
기타/미분류,20960027,2131749542948,18623209140,1680370.0,316645413802.0,-1775837.0,-338515274750.0,130251.0,25666763611.0,51265.0,17149221176.0,-6112.0,-1801893775.0,-25065.0,2043775375.0,-4271.0,-1730774250.0,44896.0,8392626575.0,78829.0,3324520260.0,-10110.0,2776889111.0,-24674.0,-6573791774.0,120
나무제품 제조업,215288,1951618995,171787515,16540.0,90954865.0,-10149.0,-25787175.0,-7500.0,-76443100.0,-7355.0,-74956930.0,0.0,0.0,-107.0,-1108390.0,0.0,0.0,0.0,0.0,-38.0,-377900.0,-1077.0,-11055120.0,2186.0,22330530.0,2
"내화, 비내화 요업제품 제조업",1209872,2783579340,25674129,-31924.0,103838488.0,43693.0,-25313889.0,-14293.0,-78209392.0,-1448.0,-8663260.0,0.0,0.0,-2736.0,-20722192.0,0.0,0.0,-10100.0,-48780560.0,-9.0,-43380.0,-2547.0,-12849670.0,5071.0,12534463.0,5
담배 제조업,439130,79744569900,7521064700,-20840.0,-3798858750.0,71595.0,12973396850.0,-51170.0,-9249716400.0,-25932.0,-4700999900.0,-3538.0,-641806550.0,16227.0,2957021550.0,-32.0,-5808300.0,-35312.0,-6390632600.0,-1985.0,-358897400.0,-111.0,-20217300.0,526.0,95395600.0,1
도로 화물 운송업,772166,14303957045,1949903165,45687.0,1442492964.0,-31000.0,-499557589.0,-16571.0,-888878263.0,-6271.0,-556381658.0,-1338.0,-127336300.0,542.0,77174410.0,-2.0,-191100.0,-2775.0,162776240.0,-6779.0,-446045105.0,1300.0,-100413209.0,584.0,46356097.0,7
도시락 및 식사용 조리식품 제조업,48279,464223870,10342470,2065.0,19580690.0,-1753.0,-16616600.0,-329.0,-3126070.0,-329.0,-3126070.0,0.0,0.0,0.0,0.0,0.0,0.0,0.0,0.0,0.0,0.0,0.0,0.0,17.0,161980.0,1
"도축, 육류 가공 및 저장 처리업",2882218,7480265821,93643520,-652589.0,-1565704084.0,643695.0,1539052447.0,5765.0,17523799.0,2101.0,6322754.0,0.0,0.0,3561.0,10947665.0,0.0,0.0,0.0,0.0,0.0,0.0,1803.0,4583365.0,1326.0,4544473.0,7
동·식물성 유지 및 낙농제품 제조업,85724,5024541435,288504650,18365.0,1271431440.0,-16950.0,-1127050125.0,-2806.0,-233340525.0,3686.0,173822040.0,-169.0,-11934800.0,-6833.0,-416683315.0,0.0,0.0,0.0,0.0,509.0,21383850.0,641.0,44865400.0,750.0,44093810.0,4
동물용 사료 및 조제식품 제조업,5743516,18339621579,321745132,-127792.0,-520040568.0,154126.0,627148966.0,-7584.0,-38648150.0,332.0,2510813.0,-4801.0,-11345893.0,-11.0,-73830.0,0.0,0.0,-2464.0,-25149990.0,-640.0,-4589250.0,-4970.0,-29726865.0,-13780.0,-38733383.0,10
"떡, 빵 및 과자류 제조업",23806,201900060,3136420,10868.0,92172210.0,-3259.0,-27929450.0,-7507.0,-63364380.0,-131.0,-1100450.0,0.0,0.0,0.0,0.0,0.0,0.0,-666.0,-5667200.0,-6710.0,-56596730.0,0.0,0.0,-102.0,-878380.0,1
마그네틱 및 광학 매체 제조업,0,0,0,0.0,0.0,0.0,0.0,0.0,0.0,0.0,0.0,0.0,0.0,0.0,0.0,0.0,0.0,0.0,0.0,0.0,0.0,0.0,0.0,0.0,0.0,1
무기 및 총포탄 제조업,2842215,305012723865,14724314770,-258071.0,-29080928180.0,216795.0,-5276860730.0,10562.0,34055146280.0,24541.0,33240243740.0,-88.0,15013290.0,684.0,601425000.0,75.0,65928000.0,2328.0,3248075900.0,-16977.0,-3114671650.0,-5589.0,-633699460.0,36303.0,936342090.0,3
무점포 소매업,396565,2185709968,61318046,30446.0,15410585.0,-37401.0,-36645053.0,201.0,3554513.0,1689.0,126518153.0,-438.0,-36133400.0,-169.0,-13948490.0,-313.0,-25949150.0,0.0,0.0,-568.0,-46932600.0,3800.0,9818850.0,2954.0,7861105.0,5
반도체 제조업,74946752,18823750881252,243804223698,221811.0,3916186568105.0,1010912.0,-3041136204905.0,-1287068.0,-924865585362.0,431500.0,-44274723607.0,-39469.0,-53129138815.0,-982220.0,-573677886060.0,-3719.0,-1773604080.0,34725.0,-27331568420.0,-727063.0,-222840703630.0,41947.0,41101902005.0,12398.0,8713320157.0,72
방적 및 가공사 제조업,43463,590084640,11711350,-7026.0,-92274410.0,7906.0,102721140.0,-2682.0,-32712030.0,-413.0,-5282120.0,0.0,0.0,-2943.0,-36070700.0,-757.0,-9305870.0,0.0,0.0,1431.0,17946660.0,1504.0,18281540.0,298.0,3983760.0,2
보험 및 연금관련 서비스업,480343,5064057395,210834520,-58878.0,-659738355.0,19865.0,196082755.0,-72250.0,-742440155.0,-21387.0,-215008260.0,20000.0,215120120.0,-15289.0,-154013270.0,0.0,0.0,-2510.0,-26896650.0,-53064.0,-561642095.0,109771.0,1190813240.0,1492.0,15282515.0,2
보험업,22623042,441780246949,38851804152,319854.0,-23768520534.0,-725316.0,35649926118.0,-67003.0,-14936543296.0,-427050.0,-20242980411.0,-40888.0,-1618743405.0,17158.0,1696714004.0,-10025.0,-1615664800.0,356378.0,5714477181.0,36912.0,1146448908.0,460183.0,2746114785.0,12282.0,309022927.0,11
봉제의복 제조업,10621813,44148743481,1312345765,-140563.0,-2996289843.0,156187.0,4268741829.0,-50315.0,-1365379729.0,-42749.0,-812617144.0,7558.0,300769580.0,28983.0,1513827330.0,-2237.0,-56069450.0,-12927.0,-270136655.0,-27013.0,-2021103930.0,46284.0,164043803.0,-11593.0,-71116060.0,28
부동산 관련 서비스업,0,0,0,0.0,0.0,0.0,0.0,0.0,0.0,0.0,0.0,0.0,0.0,0.0,0.0,0.0,0.0,0.0,0.0,0.0,0.0,0.0,0.0,0.0,0.0,1
부동산 임대 및 공급업,8688399,28093847882,925789982,1250680.0,3425879254.0,97991.0,-279941854.0,-1492320.0,-3541035105.0,117138.0,297549654.0,0.0,0.0,-1476746.0,-3447225233.0,0.0,0.0,-228281.0,-1088174177.0,95569.0,696814651.0,157593.0,464119701.0,-13944.0,-69021996.0,27
"비료, 농약 및 살균, 살충제 제조업",5541882,47550685285,242595685,226133.0,2992453419.0,-313525.0,-2907446417.0,83790.0,-133020962.0,43407.0,375443656.0,-1704.0,-16211700.0,21799.0,-65021870.0,0.0,0.0,-61466.0,-550900940.0,3252.0,31188610.0,9863.0,95864412.0,-6261.0,-47850452.0,8
비알코올음료 및 얼음 제조업,325127,4726400401,614680898,55883.0,1676760874.0,-50941.0,-375946097.0,-10466.0,-1195444544.0,-3889.0,-444342394.0,-112.0,-12809250.0,1239.0,142044050.0,0.0,0.0,-840.0,-96001700.0,-6865.0,-784450850.0,5460.0,-111395770.0,64.0,6025537.0,2
사업시설 유지·관리 서비스업,121736,323821274,8735655,-8527.0,-22841114.0,8437.0,22588364.0,383.0,1049965.0,383.0,1049965.0,0.0,0.0,0.0,0.0,0.0,0.0,0.0,0.0,0.0,0.0,0.0,0.0,-293.0,-797215.0,1
사진장비 및 광학기기 제조업,10546194,60253267136,707709286,384997.0,7297105601.0,-198455.0,-4290228949.0,-161119.0,-2908581429.0,-81134.0,-1775728877.0,-193.0,-10347800.0,-17474.0,-292987240.0,0.0,0.0,0.0,0.0,-62318.0,-829517512.0,-194.0,133415375.0,-25229.0,-231710598.0,13
산업용 기계 및 장비 임대업,346979,1612648251,2890965,-2103.0,-8034833.0,16597.0,76068348.0,-25477.0,-118837350.0,-194.0,-912365.0,0.0,0.0,-374.0,-1742265.0,0.0,0.0,-24909.0,-116182720.0,0.0,0.0,8610.0,39795695.0,2373.0,11008140.0,1
산업용 농·축산물 및 동·식물 도매업,110872,644450625,24012540,14357.0,91890045.0,-15986.0,-103344725.0,1990.0,12931810.0,1990.0,12931810.0,0.0,0.0,0.0,0.0,0.0,0.0,0.0,0.0,0.0,0.0,0.0,0.0,-361.0,-1477130.0,2
상품 종합 도매업,9256464,132618706449,8816018870,606778.0,9492802951.0,-861670.0,-21820627852.0,222901.0,12021428134.0,-74315.0,-1961012404.0,-1503.0,80263575.0,81574.0,3359975698.0,0.0,0.0,66728.0,3447758840.0,150320.0,7094380625.0,35775.0,406288895.0,-3784.0,-99892128.0,21
상품 중개업,1431444,57842262293,7967730515,1560.0,1056117176.0,102671.0,6102903369.0,-110745.0,-7127012915.0,-67268.0,-4362342595.0,-16485.0,-793514800.0,-5818.0,-1424803150.0,-523.0,-38857250.0,-22357.0,-744865350.0,1739.0,239481150.0,844.0,-204454280.0,5670.0,172446650.0,8
생활용품 도매업,15777431,47889681875,1196470588,813465.0,5414563167.0,-797085.0,-817232265.0,-50026.0,-4691362805.0,81507.0,117321707.0,-916.0,-33732225.0,-5375.0,-189460227.0,0.0,0.0,-124239.0,-4582032250.0,-1003.0,-3459860.0,-1886.0,-5781538.0,35532.0,99813441.0,17
"서적, 잡지 및 기타 인쇄물 출판업",1016406,4280530105,83791318,-34598.0,30572267.0,20343.0,10579854.0,5544.0,-7507080.0,6336.0,2139240.0,0.0,0.0,-2191.0,-25358720.0,0.0,0.0,0.0,0.0,1399.0,15712400.0,-5578.0,-13404765.0,14289.0,-20240276.0,10
석유 정제품 제조업,1924442,167197576212,8900393805,-109863.0,-19796671925.0,110353.0,19600042555.0,9530.0,619707765.0,-42481.0,-5447455535.0,-2819.0,-458482700.0,-4005.0,-521539250.0,-122.0,-15168650.0,38408.0,4736611350.0,20876.0,2367794500.0,-2774.0,-244354150.0,-7246.0,-178724245.0,5
선박 및 보트 건조업,20721845,1464210854950,177579755240,7053805.0,262160880720.0,-5595997.0,-191208206920.0,-1517088.0,-77022923070.0,-1099171.0,-65127438655.0,-20655.0,-2775969215.0,-216172.0,-397666835.0,-3923.0,-240422495.0,-96104.0,-9802108455.0,-82810.0,1248669435.0,71348.0,6704885465.0,-12068.0,-634636195.0,14
"섬유, 의복, 신발 및 가죽제품 소매업",760326,4595402889,58393212,52371.0,367916403.0,-18946.0,-122982228.0,-30144.0,-284786145.0,2714.0,27267325.0,-1205.0,-17597710.0,-19032.0,-82935380.0,0.0,0.0,142.0,2034130.0,-12763.0,-213554510.0,13073.0,73660075.0,-16354.0,-33808105.0,11
"섬유제품 염색, 정리 및 마무리 가공업",71304,88280524,0,885.0,1089045.0,-994.0,-1232148.0,-417.0,-513906.0,-417.0,-513906.0,0.0,0.0,0.0,0.0,0.0,0.0,0.0,0.0,0.0,0.0,318.0,400446.0,208.0,256563.0,1
소프트웨어 개발 및 공급업,110167240,1339625053374,61164445242,561936.0,-8441742877.0,94728.0,11841680243.0,-1216730.0,-7534405955.0,-358777.0,-3214452117.0,-2807.0,551627950.0,-603192.0,-6006709504.0,3.0,825000.0,-150516.0,7033863270.0,-108476.0,-6050829264.0,723137.0,6515996273.0,-163071.0,-2381527684.0,177
수산물 가공 및 저장 처리업,2133368,16877327515,329947215,67082.0,817486195.0,-66145.0,-991251280.0,-7574.0,-78202835.0,-1659.0,6698495.0,0.0,0.0,-9.0,-290250.0,0.0,0.0,-983.0,-50621900.0,-4924.0,-34019180.0,9033.0,270772660.0,-2396.0,-18804740.0,6
스포츠 서비스업,151412,317621404,108227,4899.0,5648688.0,-3936.0,-3692542.0,-1014.0,-1543146.0,-1014.0,-1543146.0,0.0,0.0,0.0,0.0,0.0,0.0,0.0,0.0,0.0,0.0,108.0,186840.0,-57.0,-599840.0,2
"시멘트, 석회, 플라스터 및 그 제품 제조업",5964132,17416848011,1324587954,-212332.0,-372041005.0,109332.0,1116520212.0,-73874.0,-1231099789.0,-19527.0,-356315614.0,-17266.0,-406588500.0,-6468.0,-121727857.0,-9599.0,-6845513.0,-13964.0,-206037560.0,-5401.0,-93871000.0,84931.0,380968123.0,91943.0,105652459.0,17
시장조사 및 여론조사업,76788,151773257,91529,24594.0,47810110.0,5979.0,11817144.0,0.0,-20379.0,0.0,-20379.0,0.0,0.0,0.0,0.0,0.0,0.0,0.0,0.0,0.0,0.0,0.0,0.0,-30573.0,-59606875.0,1
신발 및 신발 부분품 제조업,329781,1368169205,14816535,54359.0,219721557.0,-11910.0,-64790471.0,-43467.0,-159011016.0,-1414.0,-4815850.0,0.0,0.0,-30123.0,-100984300.0,0.0,0.0,0.0,0.0,-11930.0,-53210866.0,607.0,2699175.0,411.0,1380755.0,2
신탁업 및 집합투자업,8624056,56222952604,1660027385,434213.0,1929544813.0,-206302.0,64705713.0,-236874.0,-2939927890.0,40447.0,105838526.0,-2402.0,-6548563.0,-258896.0,-3091760728.0,-1950.0,-19461000.0,-10079.0,4350542.0,-3794.0,69891333.0,515.0,828684230.0,8448.0,116993134.0,15
실내건축 및 건축마무리 공사업,666005,898099425,16292122,15947.0,-112588455.0,-34806.0,-27656074.0,6204.0,129019102.0,864.0,-580148.0,0.0,0.0,0.0,0.0,0.0,0.0,0.0,0.0,5340.0,129599250.0,13113.0,13848080.0,-458.0,-2622653.0,4
악기 제조업,1265037,1583386041,372776,-720237.0,-908263834.0,264455.0,331655157.0,20757.0,25907061.0,20757.0,25907061.0,0.0,0.0,0.0,0.0,0.0,0.0,0.0,0.0,0.0,0.0,405000.0,513086115.0,30025.0,37615501.0,1
알코올음료 제조업,732304,8228703434,1126095985,-19200.0,-244207160.0,-3010.0,-103089710.0,-5317.0,-73270140.0,-8181.0,-141093880.0,-1467.0,-10289450.0,1900.0,60908470.0,-6.0,-98310.0,2920.0,25512145.0,-482.0,-8192645.0,22540.0,378793830.0,4987.0,41773180.0,9
어로 어업,121800,875823085,1781350,6632.0,56903075.0,-3542.0,-34552955.0,-1528.0,-12322570.0,-788.0,-5420230.0,0.0,0.0,0.0,0.0,-740.0,-6902340.0,0.0,0.0,0.0,0.0,754.0,6018490.0,-2316.0,-16046040.0,2
여행사 및 기타 여행보조 서비스업,1636467,27574681836,2803055064,-146169.0,-654677123.0,380748.0,5651601943.0,-205232.0,-3642314510.0,-38509.0,-726881020.0,7400.0,329073720.0,-34157.0,-556511455.0,0.0,0.0,-61766.0,-1270648115.0,-58965.0,-1060565705.0,-29779.0,-1358198330.0,432.0,3588020.0,6
연료 소매업,665465,3106325019,27497585,-17920.0,-184409151.0,33657.0,248065969.0,-17056.0,-53020141.0,-13107.0,-27535501.0,0.0,0.0,-29.0,-184570.0,0.0,0.0,-3905.0,-25204370.0,-15.0,-95700.0,2945.0,5672550.0,-1626.0,-16309227.0,3
연료용 가스 제조 및 배관공급업,2836351,33507897053,1245523690,138934.0,-740482131.0,-34485.0,2696389651.0,-68312.0,-1533445000.0,-13234.0,-480342805.0,-656.0,-29420200.0,-23820.0,-774266850.0,0.0,0.0,1286.0,358936930.0,-31888.0,-608352375.0,-14921.0,-294671620.0,-21216.0,-127790900.0,9
영상 및 음향기기 제조업,2500315,9620364008,197272577,-83055.0,-257296445.0,40621.0,-14606500.0,20515.0,253171653.0,9627.0,41828663.0,0.0,0.0,445.0,6866590.0,-59.0,-734530.0,0.0,0.0,10503.0,205233330.0,25905.0,86929348.0,-3986.0,-68198056.0,16
영상·오디오물 제공 서비스업,1023424,1575344195,19474267,-5084.0,149226026.0,-50927.0,-210350484.0,-27791.0,-26224112.0,-27791.0,-26224112.0,0.0,0.0,0.0,0.0,0.0,0.0,0.0,0.0,0.0,0.0,73352.0,70228991.0,10450.0,17119579.0,3
"영화, 비디오물, 방송프로그램 제작 및 배급업",5994919,27606835078,1712405919,-351353.0,-738113732.0,251777.0,1161712315.0,57643.0,-603051755.0,-24703.0,-332457951.0,-1302.0,-6389194.0,2441.0,4274860.0,0.0,0.0,40442.0,-292672901.0,-26036.0,-332237679.0,-18398.0,-98922056.0,60331.0,278375228.0,31
오디오물 출판 및 원판 녹음업,1209483,141678844868,16987671717,9540.0,1618066378.0,81127.0,2479678022.0,-87828.0,-3466416853.0,-11419.0,5777494812.0,-9580.0,-1668187275.0,-24422.0,-4858812250.0,-665.0,-153678500.0,-37454.0,-2335656500.0,-4062.0,-174457950.0,-2622.0,-425855415.0,-217.0,-205472132.0,6
운동 및 경기용구 제조업,15161,45829961,85110,-1530.0,-4594764.0,2155.0,6500064.0,0.0,-40.0,0.0,-40.0,0.0,0.0,0.0,0.0,0.0,0.0,0.0,0.0,0.0,0.0,0.0,0.0,-625.0,-1905260.0,1
운송장비 임대업,143293,2961325410,354211890,-16241.0,-212985695.0,-917.0,-239462915.0,17431.0,464976010.0,2641.0,17611740.0,5760.0,185307210.0,10449.0,336277200.0,0.0,0.0,626.0,20114850.0,-2045.0,-94334990.0,248.0,1582680.0,-521.0,-14110080.0,2
유리 및 유리제품 제조업,1543013,27474139043,908747344,-131952.0,-4696915835.0,103009.0,3576895317.0,37981.0,1419740314.0,-5367.0,-225915506.0,-842.0,-27399300.0,5727.0,234513700.0,0.0,0.0,17825.0,681706300.0,20638.0,756835670.0,-401.0,-20287820.0,-8637.0,-279431976.0,5
유원지 및 기타 오락관련 서비스업,2034670,29237640955,6188884865,511232.0,7237634705.0,-467210.0,-6534776870.0,-9934.0,-283633295.0,-12225.0,-164058455.0,-6211.0,-93740400.0,17909.0,175010405.0,0.0,0.0,-8982.0,-189799475.0,-419.0,-10956375.0,-30007.0,-356299300.0,-4081.0,-62925240.0,3
육상 여객 운송업,268900,3457460265,46540595,17691.0,-528493200.0,-59247.0,297940870.0,43529.0,237935275.0,265.0,28896200.0,0.0,0.0,0.0,0.0,0.0,0.0,0.0,0.0,43264.0,209039075.0,10.0,1822000.0,-1983.0,-9204945.0,3
은행 및 저축기관,9478853,122606362130,19491108020,1022473.0,2839999905.0,466792.0,12028167325.0,-1499775.0,-14368289870.0,-302059.0,-6361113725.0,65419.0,1386055975.0,-235571.0,-2934949300.0,-81527.0,-1736227175.0,-666516.0,-3394936140.0,-278220.0,-1299519630.0,-5811.0,-658157660.0,16321.0,158280300.0,5
음·식료품 및 담배 도매업,1095625,7806545911,769827071,86224.0,696065764.0,-76458.0,-474303834.0,-7349.0,-203134020.0,-17358.0,-445954045.0,-254.0,-6046700.0,6216.0,151356700.0,0.0,0.0,10550.0,261650725.0,-6503.0,-164140850.0,-1605.0,-6358305.0,-812.0,-12269605.0,10
음·식료품 및 담배 소매업,713347,4259902200,325420,21112.0,119216115.0,-44567.0,-264489135.0,22020.0,135212420.0,22020.0,135212420.0,0.0,0.0,0.0,0.0,0.0,0.0,0.0,0.0,0.0,0.0,1014.0,7768900.0,421.0,2291700.0,1
음식점업,29520,1541657450,8863900,-14556.0,-758539050.0,849.0,45156150.0,13191.0,686493900.0,13191.0,686493900.0,0.0,0.0,0.0,0.0,0.0,0.0,0.0,0.0,0.0,0.0,0.0,0.0,516.0,26889000.0,1
의료용 기기 제조업,32813778,565559573413,9685208941,561962.0,5320910979.0,-459480.0,-5689304875.0,5032.0,1856272668.0,-79355.0,-2216822673.0,-7347.0,-77176890.0,9850.0,747328520.0,472.0,20478850.0,40928.0,1745861185.0,53133.0,2057557136.0,-80827.0,-1162698937.0,-26687.0,-325179835.0,63
의료용품 및 기타 의약 관련제품 제조업,46811685,431684087893,23245957200,-235836.0,1239549794.0,303642.0,7113883375.0,-100700.0,-7721474838.0,-104760.0,-5594420141.0,28060.0,714646650.0,-2985.0,1885323753.0,-63.0,-3468300.0,23713.0,-929311215.0,-44933.0,-3737099385.0,37144.0,-873710187.0,-4250.0,241751856.0,31
의복 액세서리 제조업,440517,2867186095,95695355,103418.0,673315800.0,-102918.0,-671047720.0,1073.0,8088380.0,1073.0,8088380.0,0.0,0.0,0.0,0.0,0.0,0.0,0.0,0.0,0.0,0.0,10817.0,69879335.0,-12390.0,-80235795.0,2
의약품 제조업,63785013,708383641442,42671595305,-250701.0,-34330560439.0,105817.0,14884726878.0,-5310.0,15965961699.0,2800.0,977217103.0,18794.0,2710164405.0,-39842.0,-1082661704.0,-158.0,20841700.0,60793.0,12099406505.0,-47624.0,1462386160.0,169809.0,3248447859.0,-19615.0,231424003.0,105
인쇄 및 인쇄관련 산업,61458,390772180,2759750,4352.0,28898460.0,-5028.0,-33159870.0,0.0,-13160.0,0.0,-13160.0,0.0,0.0,0.0,0.0,0.0,0.0,0.0,0.0,0.0,0.0,0.0,0.0,676.0,4274570.0,1
일반 교습 학원,513646,3995332225,291575556,22183.0,474353964.0,-14468.0,-81135959.0,-21844.0,-515241584.0,-4527.0,-232307414.0,-59.0,-2674200.0,334.0,-1292145.0,0.0,0.0,-13013.0,-185850385.0,-4579.0,-93117440.0,16651.0,141275104.0,-2522.0,-19251525.0,6
일반 목적용 기계 제조업,131697917,2638794454136,67950202496,7673677.0,11007054219.0,-6448910.0,37899621460.0,-1093719.0,-46633036392.0,-596321.0,-27672285688.0,-37014.0,-3016097089.0,-147754.0,-9629825799.0,-478.0,-59807550.0,-83272.0,2476553014.0,-231142.0,-9044163990.0,-76089.0,-1757755937.0,-54959.0,-515883350.0,51
일반 및 생활 숙박시설 운영업,3097822,24758261394,1641686220,-227451.0,-1523034974.0,299963.0,2212097814.0,-86626.0,-832267630.0,-47492.0,-340202180.0,-2678.0,-34337370.0,-13133.0,-159641145.0,0.0,0.0,-13097.0,-168395890.0,-10226.0,-129691045.0,12520.0,124714900.0,1594.0,18489890.0,3
일차전지 및 이차전지 제조업,15843181,2060941038520,169319530460,-896507.0,163842098385.0,1509161.0,132990052315.0,-596910.0,-290798438275.0,-519050.0,-168189068100.0,-11205.0,-6692594915.0,26647.0,-49582333340.0,-538.0,-305137100.0,-154293.0,-37606994000.0,64652.0,-27198835850.0,-30037.0,-8221241740.0,14293.0,2187529315.0,19
자동차 부품 및 내장품 판매업,3948231,26999080997,679257215,-228926.0,-1578354067.0,255743.0,1814069063.0,108.0,303025.0,108.0,303025.0,0.0,0.0,0.0,0.0,0.0,0.0,0.0,0.0,0.0,0.0,-30056.0,-216582465.0,3131.0,-19435556.0,4
자동차 신품 부품 제조업,85793933,1560831418102,79752761016,-1016424.0,185561009904.0,174949.0,-253523572753.0,194605.0,46342148335.0,56389.0,4163531868.0,-2764.0,897362915.0,162306.0,43595610984.0,-2709.0,-27891410.0,-47975.0,719895643.0,29277.0,-3023007715.0,562664.0,20755818950.0,84206.0,864595564.0,103
자동차 재제조 부품 제조업,3120422,12109221633,50796480,42512.0,198941886.0,-33073.0,-151996556.0,-5500.0,-22029070.0,-5500.0,-22029070.0,0.0,0.0,0.0,0.0,0.0,0.0,0.0,0.0,0.0,0.0,19844.0,73901880.0,-23783.0,-98818140.0,1
자동차 차체나 트레일러 제조업,229867,1480747870,32773530,18265.0,118727610.0,-24633.0,-159646160.0,6939.0,44680080.0,6949.0,44745330.0,0.0,0.0,-8.0,-52560.0,0.0,0.0,0.0,0.0,-2.0,-12690.0,0.0,0.0,-571.0,-3761530.0,1
자동차 판매업,4598059,10409556824,194522010,-695714.0,-1133474248.0,474617.0,725308502.0,62681.0,140904106.0,34541.0,-30653414.0,0.0,0.0,27867.0,168818810.0,0.0,0.0,0.0,0.0,273.0,2738380.0,-11617.0,-14140157.0,170033.0,281401797.0,3
자동차용 엔진 및 자동차 제조업,9703042,3692112121884,262665370658,584437.0,323465496270.0,-752402.0,-340450126024.0,150714.0,16914707034.0,-58072.0,-41324700620.0,-12114.0,-3762113850.0,160492.0,47544435280.0,-2065.0,-1200959600.0,63726.0,20483417459.0,-1887.0,-4914430885.0,-1214.0,2085415805.0,18465.0,-2015493085.0,4
"자료처리, 호스팅, 포털 및 기타 인터넷 정보매개 서비스업",7217248,354808443244,39415803704,-640479.0,26352681275.0,703000.0,-7461641120.0,-143918.0,-16545652075.0,-106812.0,-13356296679.0,21519.0,1202817025.0,-10863.0,1465312544.0,-130.0,-13754500.0,-23089.0,-1441873735.0,-20276.0,-4191073655.0,77437.0,-2687438435.0,3960.0,342050355.0,15
자연과학 및 공학 연구개발업,77457215,1045837565111,45232468140,-3725937.0,-162065358503.0,2000459.0,121977981423.0,1323479.0,48132873564.0,1060874.0,21942815872.0,14233.0,2618033905.0,-86662.0,-4583036915.0,0.0,0.0,135980.0,12993095290.0,206299.0,15220260782.0,337073.0,-9254891914.0,64926.0,1209395430.0,67
작물 재배업,123951,638305713,46220667,31851.0,154436783.0,-32328.0,-155155238.0,264.0,-676770.0,475.0,933160.0,-162.0,-1234835.0,-49.0,-375095.0,0.0,0.0,0.0,0.0,0.0,0.0,83.0,630830.0,130.0,764395.0,2
재 보험업,327159,3885040025,658831490,-3647.0,-46756760.0,94009.0,1119583350.0,-90358.0,-1072701500.0,-26980.0,-319942050.0,-4209.0,-50031675.0,-68720.0,-816154625.0,-78.0,-926060.0,-4980.0,-59041640.0,14609.0,173394550.0,-146.0,-1919870.0,142.0,1794780.0,1
전구 및 조명장치 제조업,9799358,74848595959,72336342,-447410.0,-3534588423.0,491879.0,3927589087.0,19505.0,101601190.0,25009.0,201345915.0,0.0,0.0,0.0,0.0,0.0,0.0,0.0,0.0,-5504.0,-99744725.0,-87138.0,-627868948.0,23164.0,133267094.0,4
전기 및 통신 공사업,2176358,70177843850,7917327640,-45714.0,427978650.0,173635.0,5060560360.0,-117448.0,-4938923855.0,-100539.0,-4417871150.0,-1072.0,-48310425.0,2184.0,159826095.0,0.0,0.0,-8010.0,-302163225.0,-11.0,36511950.0,-31995.0,-1056091090.0,21522.0,506475935.0,8
전기 통신업,9342382,298477310256,2637495314,-764686.0,-43890768560.0,1039862.0,56264698215.0,-292488.0,-11589068529.0,-271010.0,-21557094124.0,19680.0,1864010800.0,89340.0,6956282230.0,9385.0,585495045.0,-74125.0,892185227.0,-60736.0,-92014372.0,27089.0,-744590741.0,-9777.0,-40270385.0,14
전기업,3527332,143350749135,8503907010,575106.0,25727360465.0,-145064.0,-6207094900.0,-476110.0,-19850071470.0,-45298.0,-1874709820.0,-33778.0,-1400294175.0,-65700.0,-2728697625.0,75.0,3083100.0,-225309.0,-9293497225.0,-104488.0,-4489187100.0,36533.0,-96278095.0,9535.0,426084000.0,3
"전동기, 발전기 및 전기 변환 · 공급 · 제어 장치 제조업",86976584,2923909080970,149799662043,-1993178.0,-37507917242.0,2066764.0,152166566794.0,-249550.0,-114697732310.0,-124776.0,-25295757720.0,-12922.0,-5995794300.0,137700.0,5933534680.0,-870.0,-439071750.0,-96421.0,-47409942805.0,-151159.0,-40744336175.0,92702.0,-1817972340.0,83262.0,1857055098.0,37
전문디자인업,547873,4511167091,180879305,-27333.0,31806438.0,7294.0,-119678923.0,21526.0,132270615.0,322.0,1465375.0,0.0,0.0,15093.0,108157910.0,0.0,0.0,0.0,0.0,6111.0,22647330.0,-607.0,-16056365.0,-880.0,-28341765.0,2
전자부품 제조업,124686281,4822392445189,270675915873,-3766913.0,-428003148318.0,4014456.0,38217622896.0,-139327.0,406916033443.0,193000.0,-12501081056.0,-94062.0,-9738449685.0,481198.0,350853679739.0,28434.0,28798930.0,-419110.0,-37300502915.0,-279599.0,116212904340.0,134329.0,-14779283894.0,-242545.0,-2351224127.0,133
절연선 및 케이블 제조업,101485938,3432429961860,60695712485,54201.0,-70052449825.0,98739.0,60553300995.0,-61036.0,15492277520.0,110649.0,34596386445.0,-13092.0,-1704982000.0,-74551.0,-6796154740.0,-21.0,-1397600.0,90822.0,-1368566735.0,-168866.0,-8306140350.0,-94781.0,-6681994435.0,2877.0,688865745.0,8
제재 및 목재 가공업,321349,874827766,53071410,24965.0,68360810.0,-24879.0,-68278660.0,80.0,263240.0,80.0,263240.0,0.0,0.0,0.0,0.0,0.0,0.0,0.0,0.0,0.0,0.0,0.0,0.0,-166.0,-345390.0,3
종합 소매업,5976161,183843244301,16951321876,-545602.0,-14998022137.0,425861.0,1287494135.0,76254.0,13874804132.0,-16486.0,-2244679447.0,13606.0,1621425155.0,42738.0,8881361120.0,-2667.0,-8417835.0,68853.0,7824319490.0,-28847.0,-1770518001.0,26114.0,-23676504.0,17373.0,-140599626.0,15
"증기, 냉·온수 및 공기조절 공급업",23920,1764323900,181889100,-6520.0,-480882550.0,8319.0,613248600.0,-1738.0,-127935250.0,-1218.0,-89923100.0,-29.0,-2149850.0,-938.0,-69212100.0,0.0,0.0,-979.0,-72026100.0,1426.0,105375900.0,10.0,735000.0,-71.0,-5165800.0,1
직물직조 및 직물제품 제조업,761054,2352051533,29839596,-20180.0,21313052.0,-41845.0,-151407449.0,-3549.0,-17850743.0,1295.0,7658117.0,0.0,0.0,0.0,0.0,0.0,0.0,-4790.0,-25219960.0,-54.0,-288900.0,20246.0,71599745.0,45328.0,76345395.0,5
창작 및 예술관련 서비스업,5725402,9666529188,104455453,187223.0,499268920.0,-174643.0,-272336664.0,-17167.0,-240446527.0,-3443.0,-22190567.0,0.0,0.0,-1001.0,-15841500.0,0.0,0.0,0.0,0.0,-12723.0,-202414460.0,-3468.0,1044398.0,8055.0,12469873.0,6
초등 교육기관,191303,239753895,344625,-11339.0,-14071171.0,16282.0,20141519.0,-5543.0,-6827938.0,-5424.0,-6673476.0,0.0,0.0,0.0,0.0,0.0,0.0,0.0,0.0,-119.0,-154462.0,500.0,631200.0,100.0,126390.0,2
"측정, 시험, 항해, 제어 및 기타 정밀기기 제조업; 광학기기 제외",24111051,276646832064,7815794413,617675.0,-3226064.0,-543321.0,28444362724.0,-151511.0,-28609080989.0,42562.0,5864995930.0,97.0,-380707750.0,-36244.0,-17453529780.0,-1226.0,-389464500.0,-31536.0,-453603550.0,-125165.0,-15797366039.0,41489.0,84944338.0,35668.0,82999991.0,31
컴퓨터 및 주변장치 제조업,1112562,9876549188,90498143,10408.0,242606948.0,-20236.0,-156161135.0,-1021.0,-133868757.0,11078.0,93575613.0,-3.0,-141400.0,-6439.0,-80647975.0,-356.0,-16746450.0,-1500.0,-70385175.0,-3800.0,-59475720.0,8833.0,25312817.0,2016.0,22110127.0,11
"컴퓨터 프로그래밍, 시스템 통합 및 관리업",35691865,613306280849,34492997876,-422844.0,1081610234.0,500770.0,-15843870979.0,310852.0,14412388540.0,9806.0,794517563.0,66836.0,4796907260.0,117379.0,4699524335.0,0.0,0.0,146628.0,4887683052.0,-15297.0,-343549680.0,-477939.0,-335533006.0,89161.0,685405211.0,39
텔레비전 방송업,3617053,18303877761,865583255,140143.0,4200297405.0,-131250.0,-2931946985.0,-28820.0,-1363923247.0,-1120.0,-874595352.0,-81.0,-1222420.0,-5350.0,-54334600.0,-7557.0,-352408480.0,-16372.0,-163199235.0,2159.0,105039890.0,13112.0,58062507.0,6815.0,37510320.0,9
토목 건설업,11093602,357234672160,31461124025,-192746.0,-3048435361.0,363572.0,44287370521.0,-320934.0,-43504657185.0,-115699.0,-15534018265.0,-22233.0,-2292803850.0,-69635.0,-8238221630.0,-27.0,-5190150.0,-140428.0,-16630728805.0,28148.0,-692795985.0,121638.0,2153213139.0,28470.0,112508886.0,15
통신 및 방송 장비 제조업,185499237,14594430332714,300582958699,8264536.0,1990569559366.0,-8116336.0,-2072972390038.0,336867.0,55028591829.0,-516815.0,-132006300691.0,-109141.0,-31398691100.0,746311.0,184333887835.0,-142.0,6500400.0,5015.0,-6422675025.0,202744.0,40368618860.0,105866.0,19806970123.0,-590933.0,7567268720.0,61
특수 목적용 기계 제조업,173253580,5699749230487,225981429367,-2694952.0,-63365844840.0,3117774.0,115402092230.0,-611172.0,-46680956292.0,1419322.0,235237322283.0,-56802.0,-2997104185.0,-1056858.0,-129178827475.0,-8783.0,-765739050.0,-64762.0,-19120790240.0,-820210.0,-128752676605.0,-7119.0,-11237471191.0,195469.0,5882180093.0,164
"펄프, 종이 및 판지 제조업",1821736,5797887806,194087300,16888.0,132637994.0,-7929.0,-38014219.0,-23457.0,-199539735.0,-11.0,2673365.0,0.0,0.0,-1786.0,-13096645.0,0.0,0.0,-8252.0,-62173325.0,-13408.0,-126943130.0,7999.0,89145257.0,6499.0,15770703.0,11
편조원단 제조업,59648,139999957,122960,7035.0,17127452.0,-7513.0,-18262662.0,-3.0,-15900.0,-3.0,-15900.0,0.0,0.0,0.0,0.0,0.0,0.0,0.0,0.0,0.0,0.0,0.0,0.0,481.0,1151110.0,1
편조의복 제조업,14684357,82514980297,15034600,-53935.0,-153912004.0,53596.0,155642799.0,0.0,84250.0,0.0,84250.0,0.0,0.0,0.0,0.0,0.0,0.0,0.0,0.0,0.0,0.0,274.0,-360175.0,65.0,-1454870.0,1
폐기물 처리업,255057,1401861626,29298470,14126.0,103437152.0,-11485.0,-88293927.0,-1856.0,-9207075.0,-1113.0,-3835925.0,0.0,0.0,0.0,0.0,0.0,0.0,-737.0,-5327900.0,-6.0,-43250.0,-592.0,-4288300.0,-193.0,-1647850.0,2
플라스틱제품 제조업,43799880,117385996245,2765894334,700898.0,-276657762.0,1512387.0,6106969060.0,-2250211.0,-5485936934.0,-342919.0,-1387055887.0,-2188.0,-65881310.0,-432670.0,-729959048.0,0.0,0.0,-46027.0,-952296705.0,-1426406.0,-2350705024.0,-135319.0,-738534349.0,172245.0,394159985.0,46
합성고무 및 플라스틱 물질 제조업,1634304,21666648769,1155364099,-57428.0,1373203337.0,75501.0,909290012.0,-42658.0,-2572609773.0,246.0,-109042553.0,-177.0,-9015050.0,-5869.0,-294146885.0,0.0,0.0,-39013.0,-1951704055.0,2154.0,-208751830.0,18580.0,208597782.0,6005.0,81518642.0,8
항공 여객 운송업,5423479,62439670829,886517936,448942.0,5376935395.0,-263295.0,-3234642078.0,-325945.0,-3450965492.0,-212298.0,-5125353997.0,-8533.0,-181386503.0,62698.0,1812757375.0,-47.0,-1175300.0,-25751.0,418458525.0,-142016.0,-374317167.0,130489.0,1040058451.0,9809.0,268613724.0,6
"항공기,우주선 및 부품 제조업",5461056,494268560554,37426425447,441462.0,53403230249.0,-457723.0,-39703539261.0,1696.0,-14335525185.0,7254.0,-1502448435.0,-5932.0,-1924205210.0,22505.0,11657509590.0,-68.0,-87120000.0,-28892.0,-22953890400.0,7560.0,981069270.0,-5202.0,425200080.0,19767.0,210634117.0,10
해상 운송업,202541136,642389898066,11160718313,4720576.0,17297129546.0,-4221242.0,-16382357699.0,-757867.0,-1744732984.0,-172531.0,-1663072967.0,-29814.0,-336266880.0,-348286.0,867492090.0,150.0,2979000.0,-132781.0,-388109287.0,-54607.0,-110258290.0,558892.0,1831751310.0,-300359.0,-1001790173.0,6
"해체, 선별 및 원료 재생업",162181,170429741,193148,3812.0,3748693.0,-5865.0,-5853304.0,1461.0,1477965.0,1461.0,1477965.0,0.0,0.0,0.0,0.0,0.0,0.0,0.0,0.0,0.0,0.0,0.0,0.0,592.0,626646.0,1
화학섬유 제조업,2379418,82373821817,2109584350,-450025.0,-19429999935.0,443108.0,24314555586.0,3790.0,-4454597746.0,18480.0,-1763900531.0,1838.0,-208803010.0,2467.0,-1264915200.0,0.0,0.0,-2541.0,428543850.0,-15607.0,-1517152855.0,-5523.0,-797100555.0,8650.0,367142650.0,10
회사 본부 및 경영 컨설팅 서비스업,4131384,54595766240,2740528995,94820.0,1563457300.0,-34650.0,-28805390.0,-107230.0,-2004081540.0,-41887.0,-951116255.0,-2287.0,-95692905.0,-5902.0,-166517525.0,-4.0,-51870.0,-54130.0,-957100475.0,-3020.0,166346490.0,38059.0,333765620.0,9001.0,135664010.0,11
