회사명,종목코드,테마,최신정기보고서,잔고보유분기,잔고(억원),보유분기수,사유,단위표기,비고
유한양행,000100,제약·바이오·의료,2026Q2,2026Q2,4696.4,8,최신,백만달러,
두산,000150,전자부품·전기전자,2026Q2,2026Q2,105618.6,11,최신,"백만원,%",
DL,000210,화학·소재,2026Q2,2026Q2,256396.3,11,최신,백만원,
일동홀딩스,000230,제약·바이오·의료,2026Q2,,,0,수주표없음,,
노루홀딩스,000320,지주·기타,2026Q2,2026Q2,343.4,8,최신,"톤,백만원",
시알홀딩스,000480,기타,2026Q2,2024Q3,1246.8,4,수주표없음,천원,
대동,000490,반도체·디스플레이 장비,2026Q2,,,0,단위불명,,
엔비알모션,0004V0,철강·금속,2026Q2,2026Q2,911.0,4,최신,억원,
가온전선,000500,전력기기·전선,2026Q2,2026Q2,5978.2,11,최신,"톤,백만원",
동아쏘시오홀딩스,000640,지주·기타,2026Q2,2023Q4,1344.5,1,수주표없음,천원,
영풍,000670,철강·금속,2026Q2,2026Q2,4264.7,11,최신,"M/T,천㎡,천개/백만원",
LS네트웍스,000680,기타,2026Q2,2026Q2,131.7,11,최신,백만원,
현대건설,000720,건설·건축,2026Q2,2026Q2,757208.4,11,최신,백만원,
아크릴,0007C0,통신장비·IT,2026Q2,2026Q2,219.5,3,최신,백만원,
화천기공,000850,반도체·디스플레이 장비,2026Q2,2026Q2,918.7,11,최신,백만원,
한화,000880,화학·소재,2026Q2,2026Q2,1373707.7,11,최신,백만원,
에스엔시스,0008Z0,전력기기·전선,2026Q2,2026Q2,2833.3,5,최신,백만원,
한국주철관공업,000970,철강·금속,2026Q2,2026Q2,218.6,11,최신,"톤,백만원",
DB하이텍,000990,반도체·디스플레이 장비,2026Q2,2025Q1,1442.9,6,수주표없음,"wafer,K$",
페이퍼코리아,001020,화학·소재,2026Q2,2023Q4,733.0,1,수주표없음,천원,
CJ,001040,지주·기타,2026Q2,2026Q2,3104.6,6,최신,백만원,
채비,0011T0,전력기기·전선,2026Q2,2026Q2,103.0,1,최신,백만원,
금호전기,001210,전력기기·전선,2026Q2,2025Q2,12.5,7,수주표없음,천원,
동국홀딩스,001230,지주·기타,2026Q2,2026Q2,6111.1,11,최신,"톤,백만원",
GS글로벌,001250,기타,2026Q2,2026Q2,10.6,11,최신,백만원,
남광토건,001260,건설·건축,2026Q2,2026Q2,27601.0,11,최신,천원,
PKC,001340,화학·소재,2026Q2,,,0,수주표없음,,
KG케미칼,001390,화학·소재,2026Q2,2026Q2,286.6,11,최신,"톤,백만원",
세아베스틸지주,001430,철강·금속,2026Q2,2026Q2,3574.9,10,최신,"톤,백만원",
대한전선,001440,전력기기·전선,2026Q2,2026Q2,40629.3,11,최신,백만원,
삼부토건,001470,건설·건축,2026Q2,2026Q1,5795.4,9,수주표없음,천원,
동양,001520,화학·소재,2026Q2,2026Q2,807.3,11,최신,백만원,
디아이동일,001530,기타,2026Q2,,,0,수주표없음,,
조비,001550,화학·소재,2026Q2,2026Q2,596.9,10,최신,"톤,백만원",
금양,001570,화학·소재,2026Q1,2026Q1,815.6,6,최신,USD,
페스카로,0015S0,기타,2026Q2,2026Q2,394.8,3,최신,천원,
알루코,001780,철강·금속,2026Q2,2026Q2,1167.2,11,최신,백만원,
세미티에스,0017J0,반도체·디스플레이 장비,2026Q2,2026Q2,176.4,2,최신,천원,
삼화콘덴서공업,001820,전자부품·전기전자,2026Q2,2026Q2,18.5,11,최신,"Mpcs,백만원",
이화공영,001840,건설·건축,2026Q2,2026Q2,294.2,11,최신,백만원,
KISCO홀딩스,001940,철강·금속,2026Q2,2024Q1,395.1,2,수주표없음,"톤,백만원",
코오롱,002020,지주·기타,2026Q2,2026Q2,118495.7,11,최신,백만원,
경농,002100,화학·소재,2026Q2,2026Q2,596.9,10,최신,"톤,백만원",
도화엔지니어링,002150,건설·건축,2026Q2,2026Q2,19494.1,11,최신,백만원,
고려제강,002240,철강·금속,2026Q2,2025Q4,128.4,9,수주표없음,,
삼일기업공사,002290,건설·건축,2026Q2,2026Q2,1452.9,10,최신,천원,
넥센타이어,002350,화학·소재,2026Q2,2026Q2,8477.8,11,최신,"천개,백만원",
케이씨씨,002380,화학·소재,2026Q2,2026Q2,6277.6,11,최신,백만원,
범양건영,002410,건설·건축,2026Q2,2026Q2,1375.7,11,최신,천원,
HS화성,002460,건설·건축,2026Q2,2026Q2,25622.9,11,최신,백만원,
진흥기업,002780,건설·건축,2026Q2,2026Q2,38012.3,11,최신,백만원,
SUN&L,002820,화학·소재,2026Q2,2026Q2,732.6,11,최신,백만원,
금호건설,002990,건설·건축,2026Q2,2026Q2,448871.8,11,최신,백만원,
혜인,003010,기계·플랜트,2026Q2,2024Q4,240.9,5,수주표없음,,
세아제강지주,003030,지주·기타,2026Q2,2026Q2,4302.5,11,최신,백만원,
에이프로젠바이오로직스,003060,제약·바이오·의료,2026Q2,2025Q4,0.4,7,수주표없음,백만원,
코오롱글로벌,003070,건설·건축,2026Q2,2026Q2,118495.7,11,최신,백만원,
선광,003100,기타,2026Q2,2026Q1,1815.9,9,수주표없음,원,
디아이,003160,반도체·디스플레이 장비,2026Q2,2026Q2,2614.8,11,최신,백만원,
한일홀딩스,003300,화학·소재,2026Q2,2026Q2,1830.7,11,최신,백만원,
대한항공,003490,기계·플랜트,2026Q2,2026Q2,1108.0,6,최신,억원,
LG,003550,지주·기타,2026Q2,2026Q2,53472.9,7,최신,백만원,
포스코퓨처엠,003670,2차전지·에너지,2026Q2,2026Q2,259.6,11,최신,백만원,
삼영,003720,화학·소재,2026Q2,2026Q2,9.6,4,최신,,
현대제철,004020,철강·금속,2026Q2,2025Q2,485.7,7,수주표없음,"천톤,백만원,VAT포함",
한솔홀딩스,004150,지주·기타,2026Q2,2026Q2,160.6,11,최신,백만원,
서울식품공업,004410,기타,2026Q2,2026Q2,48.0,11,최신,천원,
삼일씨엔에스,004440,화학·소재,2026Q2,2026Q2,1323.8,10,최신,백만원,
창해에탄올,004650,기타,2026Q2,2026Q2,63.3,10,최신,천원,
삼천리,004690,2차전지·에너지,2026Q2,2026Q2,1568.1,11,최신,백만원,
한솔테크닉스,004710,전자부품·전기전자,2026Q2,2025Q2,39.5,7,수주표없음,"MW,백만원",
효성,004800,지주·기타,2026Q2,2026Q2,329582.5,11,최신,백만원,
덕성,004830,화학·소재,2026Q2,2026Q2,29.9,11,최신,"KM,백만원",
한신공영,004960,건설·건축,2026Q2,2026Q2,51470.0,11,최신,억원,
부산주공,005030,자동차부품,2026Q2,2026Q2,896.0,11,최신,"톤,백만원",
코스모신소재,005070,화학·소재,2026Q2,2025Q1,1117.0,6,값0/파싱실패,억원,
SGC에너지,005090,전력기기·전선,2026Q2,2026Q2,21937.6,11,최신,백만원,
동국산업,005160,철강·금속,2026Q2,2026Q2,957.4,11,최신,백만원,
녹십자홀딩스,005250,기타,2026Q2,2026Q2,444.1,11,최신,천USD,
현대자동차,005380,기계·플랜트,2026Q2,2026Q2,127711.9,11,최신,백만원,
코스모화학,005420,화학·소재,2026Q2,2025Q1,1117.0,6,값0/파싱실패,억원,
한국공항,005430,기타,2026Q2,2026Q2,46.6,11,최신,백만원,
POSCO홀딩스,005490,철강·금속,2026Q2,2026Q2,514246.1,11,최신,백만원,
넥센,005720,화학·소재,2026Q2,2026Q2,8821.7,11,최신,"천개,백만원",
풍산홀딩스,005810,지주·기타,2026Q2,,,0,단위불명,,
한일사료,005860,기타,2026Q2,2026Q2,3980.1,11,최신,"톤,백만원",
휴니드테크놀러지스,005870,통신장비·IT,2026Q2,2026Q2,3825.0,11,최신,억원,
이수화학,005950,화학·소재,2026Q2,2026Q2,12639.2,11,최신,백만원,
동부건설,005960,건설·건축,2026Q2,2026Q2,137233.7,11,최신,백만원,
국영지앤엠,006050,화학·소재,2026Q2,2026Q2,457.2,11,최신,백만,
SK디스커버리,006120,지주·기타,2026Q2,2026Q2,5783.2,11,최신,백만원,
한국전자홀딩스,006200,지주·기타,2026Q2,2023Q4,0.3,1,수주표없음,천원,
LS,006260,지주·기타,2026Q2,2026Q2,195554.0,11,최신,억원,
녹십자,006280,제약·바이오·의료,2026Q2,2026Q2,444.1,11,최신,천USD,
대원전선,006340,전력기기·전선,2026Q2,2026Q2,582.1,11,최신,"톤,백만원",
GS건설,006360,건설·건축,2026Q2,2026Q2,485361.7,11,최신,백만원,
대림통상,006570,철강·금속,2026Q2,2026Q2,595.1,11,최신,백만원,
AK홀딩스,006840,지주·기타,2026Q2,2026Q2,653.0,1,최신,억원,
모헨즈,006920,화학·소재,2026Q2,2026Q2,202.2,8,최신,"㎥,천원",
에스테크엠,0070X0,기타,2025Q4,,,0,단위불명,,
벽산,007210,화학·소재,2026Q2,2026Q2,1295.4,9,최신,백만원,
한국특강,007280,철강·금속,2026Q2,2025Q3,85.8,7,수주표없음,"톤,백만원,VAT포함",
에이프로젠,007460,제약·바이오·의료,2026Q2,2026Q2,123.2,10,최신,백만원,
동방아그로,007590,화학·소재,2026Q2,2026Q2,194.6,10,최신,"병/봉,천원",
이수페타시스,007660,전자부품·전기전자,2026Q2,2026Q2,6221.8,11,최신,"㎡,백만원",
대원,007680,건설·건축,2026Q2,2026Q2,2269.3,11,최신,천원,
코리아써키트,007810,전자부품·전기전자,2026Q2,2026Q2,4266.4,11,최신,"천㎡,백만원",
엠엑스로보틱스,007820,기계·플랜트,2026Q2,2026Q2,1898.9,10,최신,천원,
서연,007860,지주·기타,2026Q2,2026Q2,223.9,11,최신,천원,
대덕,008060,지주·기타,2026Q2,2026Q2,3328.0,11,최신,"천㎡,억원",
이건산업,008250,기타,2026Q2,2026Q2,344.0,10,최신,천M2/백만원,
남선알미늄,008350,철강·금속,2026Q2,2025Q3,4.4,8,수주표없음,천원,
원풍,008370,화학·소재,2026Q2,2026Q2,68.1,10,최신,USD,
율촌화학,008730,화학·소재,2026Q2,2024Q1,14678.4,2,수주표없음,USD,
대동기어,008830,반도체·디스플레이 장비,2026Q2,,,0,값0/파싱실패,,
KBI동양철관,008970,철강·금속,2026Q2,2026Q2,1660.0,11,최신,"톤,억원",
경인전자,009140,전자부품·전기전자,2026Q2,2026Q2,54.6,11,최신,"천개,천원",
SIMPAC,009160,철강·금속,2026Q2,2026Q2,2417.6,10,최신,백만원,
한샘,009240,기타,2026Q2,2026Q2,2177.4,11,최신,백만원,
신원,009270,기타,2026Q2,2026Q2,3212.2,8,최신,"천PCS,천USD",
참엔지니어링,009310,반도체·디스플레이 장비,2026Q2,2024Q1,71.7,2,수주표없음,백만원,
태영건설,009410,건설·건축,2026Q2,2026Q2,164888.9,11,최신,천원,
KC그린홀딩스,009440,지주·기타,2026Q2,2025Q1,50008.1,4,수주표없음,"천원,USD등",시총대비 285배 — 차트 제외
한창제지,009460,화학·소재,2026Q2,2026Q2,84.0,1,최신,백만원,
삼화전기,009470,전자부품·전기전자,2026Q2,2026Q2,389.7,9,최신,"천개,백만원",
HD한국조선해양,009540,지주·기타,2026Q2,2026Q2,988087.2,11,최신,백만원,
이렘,009730,철강·금속,2026Q2,2025Q1,117.3,5,수주표없음,백만원,
한국내화,010040,기타,2026Q2,2026Q2,1415.7,11,최신,천원,
한국무브넥스,010100,자동차부품,2026Q2,2025Q1,10.5,6,수주표없음,억원,
엘에스일렉트릭,010120,전력기기·전선,2026Q2,2026Q2,50154.0,11,최신,억원,
고려아연,010130,철강·금속,2026Q2,2026Q2,18059.4,9,최신,"톤,백만원",
삼성중공업,010140,조선·조선기자재,2026Q2,2026Q2,350001.0,11,최신,억원,
대한광통신,010170,전력기기·전선,2026Q2,2026Q2,1269.4,11,최신,백만원,
아이티센엔텍,010280,통신장비·IT,2026Q2,2026Q2,1521.8,11,최신,백만원,
우진아이엔에스,010400,건설·건축,2026Q2,2026Q2,2089.8,11,최신,천원,
화천기계,010660,반도체·디스플레이 장비,2026Q2,2026Q2,732.2,11,최신,백만원/대/개,
아이에스동서,010780,화학·소재,2026Q2,2026Q2,19901.6,11,최신,백만원,
퍼스텍,010820,기타,2026Q2,2026Q2,9440.8,11,최신,백만원,
S-Oil,010950,기타,2026Q2,,,0,값0/파싱실패,,
삼호개발,010960,기타,2026Q2,2026Q2,8419.0,11,최신,천원,
진원생명과학,011000,제약·바이오·의료,2026Q2,2026Q1,5.8,10,수주표없음,USD,
에넥스,011090,기타,2026Q2,2026Q2,1220.7,11,최신,백만원,
현대위아,011210,자동차부품,2026Q2,2026Q2,13965.2,11,최신,백만원,
삼화전자공업,011230,전자부품·전기전자,2026Q2,2026Q2,34.1,11,최신,천개/백만원,
우성머티리얼스,011300,화학·소재,2026Q2,2025Q3,42.0,7,수주표없음,"천YD,천$",
서한,011370,건설·건축,2026Q2,2026Q2,16519.8,11,최신,백만원,
부산산업,011390,화학·소재,2026Q2,2026Q2,1951.6,11,최신,백만원,
세보엠이씨,011560,건설·건축,2026Q2,2026Q2,4256.5,9,최신,천원,
현대코퍼레이션,011760,기타,2026Q2,2026Q2,6164.0,11,최신,U$천,
STX,011810,기타,2026Q2,2026Q2,1110.6,11,최신,"개,백만원",
신성이엔지,011930,반도체·디스플레이 장비,2026Q2,2026Q2,3293.7,11,최신,천원,
DB,012030,통신장비·IT,2026Q2,2026Q2,4221.4,11,최신,억원,
삼미금속,012210,철강·금속,2026Q2,2026Q2,304.3,7,최신,백만원,
경동인베스트,012320,지주·기타,2026Q2,2026Q2,3324.8,11,최신,백만원,
뉴인텍,012340,자동차부품,2026Q1,2026Q1,18.8,10,최신,천원,
한화에어로스페이스,012450,방산·항공우주,2026Q2,2026Q2,1149182.4,10,최신,,
더존비즈온,012510,기타,2026Q1,2026Q1,568.0,10,최신,백만원:,
원일특강,012620,철강·금속,2026Q2,2026Q2,67.8,11,최신,천원,
HDC,012630,지주·기타,2026Q2,2026Q2,222936.1,9,최신,백만원,
하이록코리아,013030,철강·금속,2026Q2,2024Q3,53.4,3,수주표없음,백만원,
동원개발,013120,건설·건축,2026Q2,2026Q2,22746.8,11,최신,천원,
일성건설,013360,건설·건축,2026Q2,2026Q2,15114.3,11,최신,백만원,
계룡건설산업,013580,건설·건축,2026Q2,2026Q2,137987.4,11,최신,"백만원,VAT제외",시총대비 72배 — 차트 제외
까뮤이앤씨,013700,건설·건축,2026Q2,2026Q2,3741.8,11,최신,"백만원,부가세별도",
한익스프레스,014130,기타,2026Q2,2025Q3,858.3,8,수주표없음,"MT,백만원",
대영포장,014160,기타,2026Q2,2026Q2,33.5,11,최신,"백만㎡,백만원",
금강공업,014280,철강·금속,2026Q2,2026Q2,371.7,11,최신,백만원,
성광벤드,014620,철강·금속,2026Q2,2026Q2,175.8,11,최신,천원,
HL D&I,014790,건설·건축,2026Q2,2026Q2,58618.8,11,최신,백만원,
성문전자,014910,전자부품·전기전자,2026Q2,,,0,수주표없음,,
오리엔탈정공,014940,기계·플랜트,2026Q2,2026Q2,2908.3,11,최신,백만원,
대창단조,015230,자동차부품,2026Q2,2026Q2,378.4,11,최신,"EA,천원",
에이엔피,015260,전자부품·전기전자,2026Q2,2026Q2,86.1,11,최신,"M2,백만원",
INVENI,015360,기타,2026Q2,2024Q2,828.1,3,수주표없음,백만원,
DKME,015590,기계·플랜트,2026Q2,2026Q2,276.0,11,최신,억원,
코콤,015710,통신장비·IT,2026Q2,2026Q2,1508.1,10,최신,백만원,
한국전력공사,015760,전력기기·전선,2026Q2,2026Q2,26350.5,8,최신,백만원,
일진홀딩스,015860,지주·기타,2026Q2,2026Q2,27315.0,10,최신,천USD,
SGC E&C,016250,건설·건축,2026Q2,2026Q2,21937.5,11,최신,"백만원,EA",시총대비 36배 — 차트 제외
KG스틸,016380,철강·금속,2026Q2,2026Q2,89.8,11,최신,"톤,백만원",
웅진,016880,지주·기타,2026Q2,2026Q2,435.9,11,최신,백만원,
신원종합개발,017000,건설·건축,2026Q2,2026Q2,6221.5,11,최신,백만원,
광명전기,017040,전력기기·전선,2026Q2,2026Q2,663.2,10,최신,백만원,
인터엠,017250,전자부품·전기전자,2026Q2,,,0,단위불명,,
우신시스템,017370,반도체·디스플레이 장비,2026Q2,2026Q2,932.7,11,최신,천원,
세명전기,017510,철강·금속,2026Q2,2026Q2,155.3,11,최신,백만원,
수산세보틱스,017550,반도체·디스플레이 장비,2026Q2,2026Q1,256.8,10,단위불명,"원,외화단위:USD",
현대엘리베이터,017800,기계·플랜트,2026Q2,2026Q2,20394.4,11,최신,백만원,
E1,017940,기타,2026Q2,2026Q2,131.7,11,최신,백만원,
한국카본,017960,기계·플랜트,2026Q2,2026Q2,16355.9,11,최신,천USD,
유니슨,018000,기계·플랜트,2026Q2,2026Q2,1022.9,11,최신,백만원,
삼성에스디에스,018260,통신장비·IT,2026Q2,2026Q2,15660.0,10,최신,억원,
브이티,018290,화학·소재,2026Q2,2024Q2,290.0,3,수주표없음,천원,
삼목에스폼,018310,기계·플랜트,2026Q2,2026Q2,496.8,11,최신,백만원,
졸스,018700,기타,2026Q2,2024Q4,4.1,5,수주표없음,,
엑시큐어하이트론,019490,전자부품·전기전자,2026Q2,2026Q2,50.3,7,최신,천원,
서연탑메탈,019770,반도체·디스플레이 장비,2026Q2,2026Q2,1210.6,11,최신,천원,
에너토크,019990,기계·플랜트,2026Q2,2026Q2,306.6,11,최신,"백만원,대",
롯데에너지머티리얼즈,020150,전자부품·전기전자,2026Q2,2026Q2,1705.0,11,최신,백만원,
대신정보통신,020180,통신장비·IT,2026Q2,2026Q2,899.1,11,최신,백만원,
송우인포텍,0203K0,기타,2025Q4,2025Q4,40.3,1,최신,백만원,
아시아나항공,020560,기계·플랜트,2026Q2,2026Q2,1108.0,11,최신,억원,
시공테크,020710,기타,2026Q1,2026Q1,601.0,10,최신,천원,
KCC건설,021320,건설·건축,2026Q2,2026Q2,31857.2,11,최신,백만원,
포스코DX,022100,건설·건축,2026Q2,2026Q2,9566.8,11,최신,백만원,
태광,023160,철강·금속,2026Q2,2026Q2,50.5,10,최신,천원,
한국종합기술,023350,건설·건축,2026Q2,2026Q2,28081.0,11,최신,백만원,
유진기업,023410,화학·소재,2026Q2,2026Q2,23.2,11,최신,천원,
다우기술,023590,기타,2026Q2,2026Q2,98.5,11,최신,백만원,
한일단조,024740,자동차부품,2026Q2,2026Q2,84.3,3,최신,"개,백만원",
HLB이노베이션,024850,전자부품·전기전자,2026Q2,,,0,단위불명,,
케이피에프,024880,철강·금속,2026Q2,2026Q2,2034.0,11,최신,"톤,억원",
대원화성,024890,화학·소재,2026Q2,2026Q2,43.8,10,최신,백만원,
경창산업,024910,자동차부품,2026Q2,2026Q2,78.0,11,최신,억원,
시노펙스,025320,전자부품·전기전자,2026Q2,2025Q2,0.3,6,수주표없음,백만원,
미래산업,025560,반도체·디스플레이 장비,2026Q2,2025Q1,7.6,1,수주표없음,백만원,
이구산업,025820,철강·금속,2026Q2,2026Q2,569.1,11,최신,TON/백만원,
남해화학,025860,화학·소재,2026Q2,2026Q2,1445.1,11,최신,"천톤,백만원",
한국주강,025890,반도체·디스플레이 장비,2026Q2,2026Q2,332.7,10,최신,"톤,천원",
동신건설,025950,건설·건축,2026Q2,2026Q2,1280.4,11,최신,천원,
삼성E&A,028050,건설·건축,2026Q2,2026Q2,201874.0,11,최신,억원,
동아지질,028100,기타,2026Q2,2026Q2,8000.9,11,최신,백만원,
삼성물산,028260,기타,2026Q2,2026Q2,342454.8,11,최신,백만원,
HLB,028300,제약·바이오·의료,2026Q2,2026Q2,176.1,11,최신,백만원,
NICE평가정보,030190,통신장비·IT,2026Q2,2026Q2,243.2,11,최신,백만원,
케이티,030200,통신장비·IT,2026Q2,2026Q2,4754.6,10,최신,"백만원,%",
원익홀딩스,030530,화학·소재,2026Q2,2026Q2,6345.9,11,최신,백만원,
아이티센씨티에스,031820,통신장비·IT,2026Q2,2024Q2,19.4,3,수주표없음,천원,
아즈텍WB,032080,기타,2026Q2,2026Q2,135.1,11,최신,"YD,PCS,백만원",
다우데이타,032190,기계·플랜트,2026Q2,2026Q2,98.5,11,최신,백만원,
케이엠더블유,032500,통신장비·IT,2026Q2,2024Q3,46.8,4,값0/파싱실패,백만원,
황금에스티,032560,철강·금속,2026Q2,2026Q2,997.2,11,최신,백만원,
피델릭스,032580,반도체·디스플레이 장비,2026Q2,2026Q2,946.0,11,최신,"백만원,천개",
LG유플러스,032640,통신장비·IT,2026Q2,2024Q4,701.5,1,수주표없음,,
소프트센,032680,통신장비·IT,2026Q2,2026Q2,21.6,11,최신,"백만원,%",
우리기술,032820,전력기기·전선,2026Q2,2026Q2,1042.2,11,최신,천원,
비트컴퓨터,032850,통신장비·IT,2026Q2,2026Q2,137.1,11,최신,천원,
제룡전기,033100,전력기기·전선,2026Q2,2026Q2,1415.8,10,최신,백만원,
디지틀조선,033130,기타,2026Q2,2026Q2,21.5,9,최신,백만원,
유나이티드,033270,제약·바이오·의료,2026Q2,2026Q2,353.0,11,최신,USD,
동성화인텍,033500,화학·소재,2026Q2,2026Q2,20410.8,11,최신,백만원,
파라텍,033540,반도체·디스플레이 장비,2026Q2,2026Q2,219.9,11,최신,백만원,
두산에너빌리티,034020,기계·플랜트,2026Q2,2026Q2,152351.9,11,최신,"백만원,%",
NICE,034310,기타,2026Q2,2026Q2,243.2,11,최신,백만원,
SK,034730,지주·기타,2026Q2,2026Q2,254487.5,8,최신,백만원,
해성산업,034810,지주·기타,2026Q2,2026Q2,112.7,8,최신,백만원,
백산,035150,화학·소재,2026Q2,2026Q2,304.0,11,최신,"천m,백만원",
기산텔레콤,035460,통신장비·IT,2026Q2,2025Q4,2.0,4,값0/파싱실패,,
신세계I&C,035510,통신장비·IT,2026Q2,2026Q2,1136.5,11,최신,백만원,
서희건설,035890,건설·건축,2026Q2,2026Q2,18626.5,11,최신,백만원,
에이치엠넥스,036170,반도체·디스플레이 장비,2026Q2,2026Q2,2.1,9,최신,"백만개,백만원",
금화피에스시,036190,건설·건축,2026Q2,2026Q2,2501.0,11,최신,백만원,
유니셈,036200,반도체·디스플레이 장비,2026Q2,2026Q2,1111.7,11,최신,"천원,대",
한국가스공사,036460,2차전지·에너지,2026Q2,2026Q2,8972.8,11,최신,"백만원,VAT별도",
대성미생물,036480,제약·바이오·의료,2026Q2,2026Q2,46.3,11,최신,백만원,
SNT홀딩스,036530,지주·기타,2026Q2,2026Q2,5180.0,11,최신,백만원,
KZ정밀,036560,기계·플랜트,2026Q2,2026Q2,425.8,11,최신,백만원,
코맥스,036690,통신장비·IT,2026Q2,2026Q2,770.5,11,최신,백만원,
심텍홀딩스,036710,기타,2026Q2,2026Q2,5526.9,11,최신,"㎡,천USD",
주성엔지니어링,036930,반도체·디스플레이 장비,2026Q2,2026Q2,2336.3,11,최신,백만원,
성도이엔지,037350,건설·건축,2026Q2,2026Q2,4856.9,10,최신,백만원,
EG,037370,화학·소재,2026Q2,2026Q2,28.6,11,최신,"톤,천원",
희림,037440,건설·건축,2026Q2,2026Q2,11929.3,10,최신,천원,
삼지전자,037460,통신장비·IT,2026Q2,2026Q2,4001.6,10,최신,백만원,
LG헬로비전,037560,기타,2026Q2,2025Q1,701.5,2,수주표없음,백만원,
제일테크노스,038010,기계·플랜트,2026Q2,2026Q2,798.7,11,최신,백만원,
마크로젠,038290,기타,2026Q2,2026Q2,149.8,7,최신,천원,
상상인,038540,통신장비·IT,2026Q2,2026Q2,276.6,10,최신,백만원,
에스넷,038680,통신장비·IT,2026Q2,2026Q2,4015.2,10,최신,백만원,
에코심플렉스,038870,기타,2026Q2,2026Q2,48.8,11,최신,백만원,
현대에이치티,039010,통신장비·IT,2026Q2,2026Q2,1952.1,11,최신,백만원,
이건홀딩스,039020,화학·소재,2026Q2,2026Q2,1212.2,11,최신,"천㎡,백만원",
인포뱅크,039290,통신장비·IT,2026Q2,2025Q3,5.5,4,수주표없음,백만원,
세중,039310,통신장비·IT,2026Q2,2026Q2,296.3,11,최신,"년,백만원",
케이엘넷,039420,통신장비·IT,2026Q2,2026Q2,92.3,8,최신,천원,
에스티아이,039440,반도체·디스플레이 장비,2026Q2,2026Q2,2143.5,10,최신,천원,
HDC랩스,039570,건설·건축,2026Q2,2026Q2,4951.2,11,최신,백만원,
화성밸브,039610,기계·플랜트,2026Q2,2023Q4,38.7,1,수주표없음,,
폴라리스AI,039980,통신장비·IT,2026Q2,2026Q2,118.3,11,최신,천원,
누리플렉스,040160,통신장비·IT,2026Q2,2026Q2,997.1,6,최신,백만원,
아이씨디,040910,반도체·디스플레이 장비,2026Q2,2026Q2,1936.8,11,최신,백만원,
폴라리스오피스,041020,통신장비·IT,2026Q2,2025Q2,63.0,5,수주표없음,천원,
현대에버다임,041440,반도체·디스플레이 장비,2026Q2,2026Q2,1353.0,7,최신,"대,백만원",
코미팜,041960,제약·바이오·의료,2026Q2,2026Q2,95.2,10,최신,천원,
케이피엠테크,042040,기타,2026Q2,,,0,수주표없음,,
비츠로테크,042370,지주·기타,2026Q2,2026Q2,817.5,11,최신,백만원,
링네트,042500,통신장비·IT,2026Q2,2026Q2,761.5,11,최신,원,
한화오션,042660,조선·조선기자재,2026Q2,2026Q2,330084.1,10,최신,백만원,
상지건설,042940,건설·건축,2026Q2,2026Q2,1637.0,11,최신,천원,
파루,043200,전력기기·전선,2026Q2,2026Q2,71.8,11,최신,백만원,
성호전자,043260,전자부품·전기전자,2026Q2,2024Q2,48.0,3,수주표없음,"천개또는KG,백만원",
에쎈테크,043340,기계·플랜트,2026Q2,2025Q2,451.9,7,수주표없음,백만원,
웰킵스하이텍,043590,반도체·디스플레이 장비,2026Q2,2026Q2,22.8,10,최신,천원,
자연과환경,043910,화학·소재,2026Q2,2026Q2,1173.7,11,최신,천원,
KD,044180,건설·건축,2026Q2,2026Q2,334.5,10,최신,천원,
주연테크,044380,기타,2026Q2,2026Q2,15.5,1,최신,"개,원",
태웅,044490,철강·금속,2026Q2,2026Q2,1849.6,11,최신,백만원,
에이치케이,044780,반도체·디스플레이 장비,2026Q2,2026Q2,346.1,11,최신,"대,백만원",
한양이엔지,045100,건설·건축,2026Q2,2026Q2,8130.5,11,최신,백만원,
성우테크론,045300,전자부품·전기전자,2026Q2,2026Q2,127.2,11,최신,백만원,
토탈소프트,045340,통신장비·IT,2026Q2,2026Q2,312.3,11,최신,원,
대아티아이,045390,전력기기·전선,2026Q2,2026Q2,4285.8,9,최신,원,
크린앤사이언스,045520,기계·플랜트,2026Q2,2026Q2,69.5,10,최신,"천EA,Ton,백만원",
오르비텍,046120,기타,2026Q2,2026Q2,333.3,10,최신,백만원,
HLB파나진,046210,제약·바이오·의료,2026Q2,2026Q2,2.3,11,최신,"백만원,Kit,대",
우원개발,046940,기타,2026Q2,2026Q1,6780.6,9,수주표없음,천원,
대우건설,047040,건설·건축,2026Q2,2026Q2,534018.9,11,최신,백만원,
한국항공우주,047810,방산·항공우주,2026Q2,2026Q2,257502.0,11,최신,억원,
초록뱀미디어,047820,통신장비·IT,2026Q2,2024Q3,26.0,4,수주표없음,"백만원,VAT별도",
TPC로보틱스,048770,기계·플랜트,2026Q2,2025Q4,12.7,9,이상치제외,,
시너지이노베이션,048870,제약·바이오·의료,2026Q2,2026Q2,55.2,10,최신,"개,천원",
기가레인,049080,전자부품·전기전자,2026Q2,,,0,수주표없음,,
셀루메드,049180,제약·바이오·의료,2026Q2,2026Q2,1274.8,11,최신,백만원,
코메론,049430,반도체·디스플레이 장비,2026Q2,2026Q2,131.9,10,최신,천원,
비트플래닛,049470,통신장비·IT,2026Q2,2026Q2,47.0,9,최신,천원,
재영솔루텍,049630,반도체·디스플레이 장비,2026Q2,2024Q3,23.6,4,수주표없음,백만원,
미래컴퍼니,049950,반도체·디스플레이 장비,2026Q2,2026Q2,388.3,10,최신,백만원,
ES큐브,050120,기타,2026Q2,,,0,단위불명,,
지어소프트,051160,통신장비·IT,2026Q2,2026Q2,71.8,11,최신,백만원,
인터플렉스,051370,전자부품·전기전자,2026Q2,2026Q2,99.8,11,최신,"㎡,백만원",
한전KPS,051600,건설·건축,2026Q2,2026Q2,26350.5,11,최신,백만원,
iMBC,052220,기타,2026Q2,2026Q2,25.1,8,최신,백만원,
오션인더블유,052300,기타,2026Q2,2026Q2,25.1,2,최신,"개,백만원",
아이크래프트,052460,통신장비·IT,2026Q2,2026Q2,698.3,10,최신,백만원,
한전기술,052690,건설·건축,2026Q2,2026Q2,30991.0,11,최신,백만원,
바이넥스,053030,제약·바이오·의료,2026Q2,2026Q2,511.3,11,최신,천원,
케이엔솔,053080,기계·플랜트,2026Q2,2026Q2,3724.8,11,최신,백만원,
한국정보인증,053300,통신장비·IT,2026Q2,2025Q2,0.8,6,수주표없음,백만원,
이니텍,053350,통신장비·IT,2026Q2,2026Q2,69.0,2,최신,백만원,
웹케시,053580,통신장비·IT,2026Q2,2026Q2,52.9,11,최신,백만원,
한미글로벌,053690,건설·건축,2026Q2,2026Q2,4296.3,11,최신,원,
오상자이엘,053980,통신장비·IT,2026Q2,2026Q2,85.9,11,최신,천원,
이랜텍,054210,전자부품·전기전자,2026Q2,,,0,수주표없음,,
팬스타엔터프라이즈,054300,기계·플랜트,2026Q2,2026Q2,6.2,11,최신,달러,
삼영엠텍,054540,기계·플랜트,2026Q2,2026Q2,1906.5,11,최신,천원,
APS,054620,지주·기타,2026Q2,2024Q4,9.8,2,수주표없음,,
유신,054930,건설·건축,2026Q2,2026Q2,11361.5,11,최신,백만원,
엑사이엔씨,054940,건설·건축,2026Q2,2026Q2,519.7,11,최신,백만원,
SFA,056190,반도체·디스플레이 장비,2026Q2,2026Q2,13205.9,11,최신,백만원,
코위버,056360,통신장비·IT,2026Q2,2024Q3,27.8,4,수주표없음,백만원,
CNT85,056730,건설·건축,2026Q2,2026Q2,113.4,10,최신,백만원,
현대홈쇼핑,057050,기타,2026Q1,2023Q4,15.6,1,수주표없음,,
세아홀딩스,058650,철강·금속,2026Q2,2026Q2,3574.9,11,최신,"톤,백만원",
다스코,058730,기계·플랜트,2026Q2,2026Q2,1293.3,7,최신,천원,
KTcs,058850,통신장비·IT,2026Q2,2025Q3,2100.1,7,수주표없음,백만원,
엠로,058970,통신장비·IT,2026Q2,2026Q2,785.5,11,최신,천원,
미코,059090,반도체·디스플레이 장비,2026Q2,2026Q2,7393.8,6,최신,백만원,
아이컴포넌트,059100,전자부품·전기전자,2026Q2,2024Q3,62.6,3,수주표없음,백만원,
엔더블유시,059180,기타,2025Q4,2025Q4,18.5,1,최신,천원,
메타바이오메드,059210,제약·바이오·의료,2026Q2,2025Q3,88.2,8,수주표없음,백만원,
해성에어로보틱스,059270,철강·금속,2026Q2,2026Q2,69.0,11,최신,백만원,
인선이엔티,060150,2차전지·에너지,2026Q2,2025Q2,638.1,7,수주표없음,백만원,
스타코링크,060240,기타,2026Q1,2026Q1,208.3,6,최신,백만원,
뉴보텍,060260,화학·소재,2026Q2,2026Q2,187.3,11,최신,"개,원",
3S,060310,반도체·디스플레이 장비,2026Q2,2026Q2,36.8,10,최신,천원,
LS마린솔루션,060370,건설·건축,2026Q2,2026Q2,6646.0,11,최신,억원,
HC홈센타,060560,기타,2026Q2,2026Q2,29.1,8,최신,천원,
영림원소프트랩,060850,통신장비·IT,2026Q2,2026Q2,178.6,11,최신,천원,
에이전트AI,060900,전력기기·전선,2026Q2,2026Q2,126.2,11,최신,천원,
HL홀딩스,060980,지주·기타,2026Q2,2026Q2,58618.8,11,최신,백만원,
산일전기,062040,전력기기·전선,2026Q2,2026Q2,5567.9,7,최신,백만원,
한국첨단소재,062970,통신장비·IT,2026Q1,2026Q1,3.7,10,최신,천원,
이엘피,063760,반도체·디스플레이 장비,2026Q2,2026Q2,211.0,11,최신,억원,
홈캐스트,064240,기타,2026Q2,,,0,수주표없음,,
인텍플러스,064290,반도체·디스플레이 장비,2026Q2,2026Q2,1261.7,11,최신,백만원,
현대로템,064350,기계·플랜트,2026Q2,2026Q2,127711.9,11,최신,백만원,
LG씨엔에스,064400,통신장비·IT,2026Q2,2026Q2,53472.9,7,최신,백만원,
브리지텍,064480,통신장비·IT,2026Q2,2026Q2,131.8,10,최신,천원,
티씨케이,064760,화학·소재,2026Q2,2026Q2,1993.7,11,최신,억원,
포니링크,064800,기타,2026Q2,2026Q2,38.4,11,최신,천원,
케이프,064820,조선·조선기자재,2026Q2,2026Q2,453.8,11,최신,"EA,백만원",
탑엔지니어링,065130,반도체·디스플레이 장비,2026Q2,2026Q2,445.0,11,최신,백만원,
위세아이텍,065370,통신장비·IT,2026Q2,2026Q2,265.4,11,최신,천원,
이루온,065440,통신장비·IT,2026Q2,2026Q2,138.0,11,최신,백만원,
빅텍,065450,반도체·디스플레이 장비,2026Q2,2026Q2,1368.1,11,최신,백만원,
와이어블,065530,통신장비·IT,2026Q2,2026Q2,89.5,10,최신,원,
삼영이엔씨,065570,통신장비·IT,2026Q2,2026Q2,128.5,11,최신,백만원,
서호전기,065710,전력기기·전선,2026Q2,2026Q2,1584.9,11,최신,천원,
CS,065770,통신장비·IT,2026Q2,2025Q3,42.0,5,이상치제외,"원,￥",
웰크론,065950,화학·소재,2026Q2,2026Q2,1654.4,11,최신,천원,
하츠,066130,전자부품·전기전자,2026Q2,2026Q2,1295.4,11,최신,백만원,
테라젠이텍스,066700,제약·바이오·의료,2026Q2,2026Q2,13.7,11,최신,백만원,
디에이피,066900,전자부품·전기전자,2026Q2,2026Q2,161.9,10,최신,백만원,
엘앤에프,066970,2차전지·에너지,2026Q2,2026Q2,233546.5,10,최신,원,
이씨에스,067010,통신장비·IT,2026Q2,2026Q2,348.4,5,최신,백만원,
오텍,067170,자동차부품,2026Q2,2026Q2,634.3,10,최신,백만원,
멀티캠퍼스,067280,기타,2026Q2,2026Q2,267.2,8,최신,백만원,
아스트,067390,방산·항공우주,2026Q2,2026Q2,36793.3,11,최신,USD,
엔브이에이치코리아,067570,자동차부품,2026Q2,2026Q2,3724.8,11,최신,백만원,
HLB생명과학,067630,제약·바이오·의료,2026Q2,2024Q4,93.2,2,수주표없음,천원,
이글루,067920,통신장비·IT,2026Q2,2026Q1,708.5,9,이상치제외,백만원,
케이웨더,068100,기계·플랜트,2026Q2,2026Q2,64.1,11,최신,천원,
다원시스,068240,전력기기·전선,2026Q2,2026Q2,11925.9,11,최신,백만원,
일신바이오,068330,기계·플랜트,2026Q2,2026Q2,127.2,10,최신,백만원,
DMS,068790,반도체·디스플레이 장비,2026Q2,2025Q3,1605.2,7,수주표없음,천원,
누리플랜,069140,기계·플랜트,2026Q2,2026Q2,1511.5,11,최신,백만원,
엔텔스,069410,통신장비·IT,2026Q2,2026Q2,376.6,11,최신,천원,
대호에이엘,069460,철강·금속,2026Q2,2026Q2,281.1,11,최신,"톤,백만원",
에스텍,069510,전자부품·전기전자,2026Q2,2026Q2,1171.4,11,최신,"천개,백만원",
빛과전자,069540,통신장비·IT,2026Q2,2026Q2,35.6,11,최신,백만원,
엑시온그룹,069920,기타,2026Q2,2026Q2,197.2,5,최신,원,
인티큐브,070590,통신장비·IT,2026Q2,2026Q2,320.8,10,최신,백만원,
모나용평,070960,기타,2026Q2,2026Q2,1194.3,11,최신,백만원,
하이스틸,071090,철강·금속,2026Q2,2026Q2,375.9,1,최신,원,
로체시스템즈,071280,반도체·디스플레이 장비,2026Q2,2026Q2,788.7,11,최신,천원,
지역난방공사,071320,기타,2026Q2,2024Q2,40.1,3,수주표없음,백만원,
HD현대마린엔진,071970,기계·플랜트,2026Q2,2026Q2,16705.9,9,최신,백만원,
유엔젤,072130,기타,2026Q2,2026Q2,171.1,11,최신,백만원,
농심홀딩스,072710,지주·기타,2026Q2,2026Q2,2100.3,11,최신,백만원,
멤레이비티,072770,통신장비·IT,2026Q1,2026Q1,92.4,8,최신,천원,
케이에스피,073010,기계·플랜트,2026Q2,2026Q2,1159.3,11,최신,"EA,백만원",
금호타이어,073240,화학·소재,2026Q2,2024Q3,5151.6,4,수주표없음,"천본,천USD",
테라사이언스,073640,철강·금속,2026Q2,2026Q2,10.9,10,최신,"천개,천원",
이엔플러스,074610,기계·플랜트,2026Q2,2025Q4,79.2,9,수주표없음,"대,원",
세진중공업,075580,조선·조선기자재,2026Q2,2026Q2,1943.8,11,최신,백만원,
웰크론한텍,076080,건설·건축,2026Q2,2026Q2,1758.9,11,최신,천원,
지에이이노더스,076340,기타,2025Q4,2025Q4,7145.4,2,최신,천원,
덕산하이메탈,077360,반도체·디스플레이 장비,2026Q2,2026Q2,557.0,11,최신,억원,
유니퀘스트,077500,기계·플랜트,2026Q2,2026Q2,1287.7,2,최신,백만원,
STX엔진,077970,기계·플랜트,2026Q2,2026Q2,19269.0,11,최신,억원,
텔코웨어,078000,기타,2026Q2,2026Q2,401.0,11,최신,천원,
유비쿼스홀딩스,078070,지주·기타,2026Q2,2026Q2,874.9,10,최신,백만원,
HB테크놀러지,078150,반도체·디스플레이 장비,2026Q2,2026Q2,454.0,9,최신,백만원,
휴림에이텍,078590,자동차부품,2026Q2,2026Q2,2953.3,11,최신,"수량-대,금액-백만원",
GS,078930,지주·기타,2026Q2,2026Q2,49.7,11,최신,"천배럴,백만원",
CJ CGV,079160,통신장비·IT,2026Q2,2026Q2,3104.6,10,최신,백만원,
제우스,079370,반도체·디스플레이 장비,2026Q2,2026Q2,3763.3,11,최신,백만원,
APS이노베이션,079810,전력기기·전선,2026Q2,2026Q2,368.8,10,최신,백만원,
인베니아,079950,반도체·디스플레이 장비,2026Q2,2026Q2,311.3,10,최신,백만원,
제주반도체,080220,반도체·디스플레이 장비,2026Q2,2026Q2,4.6,11,최신,"US$1,000",
쎄크,081180,기계·플랜트,2026Q2,2026Q2,520.7,6,최신,백만원,
한화엔진,082740,기계·플랜트,2026Q2,2026Q2,59789.0,10,최신,억원,
비츠로셀,082920,2차전지·에너지,2026Q2,2026Q2,204.7,9,최신,백만원,
엘오티베큠,083310,반도체·디스플레이 장비,2026Q2,2026Q2,556.7,11,최신,백만원,
GST,083450,반도체·디스플레이 장비,2026Q2,2026Q2,968.0,11,최신,억원,
에프엔에스테크,083500,반도체·디스플레이 장비,2026Q2,2026Q2,299.2,11,최신,천원,
비에이치아이,083650,기계·플랜트,2026Q2,2026Q2,24568.9,11,최신,"건,백만원",
CSA 코스믹,083660,화학·소재,2026Q2,2025Q2,22.8,7,수주표없음,"원,m2",
CG인바이츠,083790,제약·바이오·의료,2026Q2,2026Q2,38.1,7,최신,백만원,
아바코,083930,반도체·디스플레이 장비,2026Q2,2026Q2,5949.6,11,최신,백만원,
대한제강,084010,철강·금속,2026Q2,2025Q2,536.9,6,수주표없음,"톤,백만원",
수성웹툰,084180,기계·플랜트,2026Q2,2025Q3,32.4,4,수주표없음,천원,
유진테크,084370,반도체·디스플레이 장비,2026Q2,2026Q2,1533.1,11,최신,천원,
유비온,084440,통신장비·IT,2026Q2,2026Q2,167.6,10,최신,"백만원,EA",
대상홀딩스,084690,지주·기타,2026Q2,2026Q2,9406.7,11,최신,백만원,
팅크웨어,084730,통신장비·IT,2026Q2,2026Q2,145.8,5,최신,원,
엔케이,085310,기계·플랜트,2026Q2,2026Q2,952.9,11,최신,천원,
바이오톡스텍,086040,제약·바이오·의료,2026Q2,2026Q2,606.5,10,최신,백만원,
유니테스트,086390,반도체·디스플레이 장비,2026Q2,2026Q2,1209.7,6,최신,백만원,
에코프로,086520,지주·기타,2026Q2,2026Q2,830.3,11,최신,백만원,
이수앱지스,086890,제약·바이오·의료,2026Q2,2026Q2,118.5,11,최신,백만원,
MDS테크,086960,통신장비·IT,2026Q2,2026Q2,74.3,11,최신,백만원,
모바일어플라이언스,087260,통신장비·IT,2026Q2,,,0,값0/파싱실패,,
동아엘텍,088130,반도체·디스플레이 장비,2026Q2,2026Q2,6573.1,11,최신,백만원,
유라클,088340,통신장비·IT,2026Q2,2026Q2,173.1,8,최신,백만원,
이녹스,088390,기계·플랜트,2026Q2,2026Q2,12.9,11,최신,"대,백만원",
테크윙,089030,반도체·디스플레이 장비,2026Q2,2026Q2,602.7,11,최신,백만원,
케이씨티,089150,통신장비·IT,2026Q2,2026Q2,75.3,9,최신,백만원,
제주항공,089590,기계·플랜트,2026Q2,,,0,수주표없음,,
제이티,089790,반도체·디스플레이 장비,2026Q2,2026Q2,383.8,11,최신,백만원,
코세스,089890,반도체·디스플레이 장비,2026Q2,2026Q2,11.1,10,최신,USD,
노루페인트,090350,화학·소재,2026Q2,2026Q2,386.4,8,최신,"백만원,Ton",
덕신이피씨,090410,기계·플랜트,2026Q2,2026Q2,1305.6,10,최신,원,
제이스로보틱스,090470,반도체·디스플레이 장비,2026Q2,2026Q2,1268.7,11,최신,백만원,
한울소재과학,091440,통신장비·IT,2026Q2,2026Q2,8.2,11,최신,천원,
남화토건,091590,건설·건축,2026Q2,2026Q2,829.5,11,최신,백만원,
디아이씨,092200,자동차부품,2026Q2,,,0,값0/파싱실패,,
현우산업,092300,전자부품·전기전자,2026Q2,2026Q2,372.8,11,최신,"백만원,천㎡",
한라IMS,092460,조선·조선기자재,2026Q2,2026Q2,2704.4,9,최신,백만원,
엑시콘,092870,반도체·디스플레이 장비,2026Q2,2026Q2,846.0,8,최신,백만원,
형지엘리트,093240,기타,2026Q1,2026Q1,119.1,10,최신,"개,백만원",
후성,093370,화학·소재,2026Q2,2025Q2,54.9,7,수주표없음,USD,
일진파워,094820,건설·건축,2026Q2,2026Q2,286.9,10,최신,백만원,
푸른로보틱스,094940,기타,2026Q2,2026Q2,91.1,9,최신,천원,
미래나노텍,095500,화학·소재,2026Q2,2024Q1,118.0,2,수주표없음,천원,
테스,095610,반도체·디스플레이 장비,2026Q2,2026Q2,2069.4,11,최신,백만원,
에스에너지,095910,전력기기·전선,2026Q2,2026Q2,154.3,10,최신,"EA,천원",
대창솔루션,096350,기계·플랜트,2026Q2,2026Q2,696.0,11,최신,백만원,
에이루트,096690,기타,2026Q2,2026Q2,40.0,11,최신,"대,백만원",
SK이노베이션,096770,기타,2026Q2,,,0,값0/파싱실패,,
HJ중공업,097230,건설·건축,2026Q2,2026Q2,83307.5,8,최신,백만원,
한텍,098070,기계·플랜트,2026Q2,,,0,단위불명,,
SDN,099220,기계·플랜트,2026Q2,2026Q2,269.9,11,최신,백만원,
쎄트렉아이,099320,방산·항공우주,2026Q2,2026Q2,5574.0,11,최신,억원,
스맥,099440,반도체·디스플레이 장비,2026Q1,2026Q1,708.9,9,최신,대/백만원,
DGI,099520,전자부품·전기전자,2026Q2,2026Q2,694.3,7,최신,백만원,
이지케어텍,099750,통신장비·IT,2026Q2,2026Q2,557.2,11,최신,백만원,
SK오션플랜트,100090,철강·금속,2026Q2,2026Q2,1073.3,11,최신,USD,
동국S&C,100130,기계·플랜트,2026Q2,2026Q2,957.4,10,최신,백만원,
SNT에너지,100840,기계·플랜트,2026Q2,2026Q2,5180.1,11,최신,천원,
KS인더스트리,101000,반도체·디스플레이 장비,2026Q2,2026Q2,589.7,11,최신,백만원,
하이드로리튬,101670,기계·플랜트,2026Q2,2025Q4,10.6,9,수주표없음,천원,
한국정밀기계,101680,반도체·디스플레이 장비,2026Q2,2026Q2,988.0,11,최신,억원,
인화정공,101930,조선·조선기자재,2026Q2,2026Q2,786.6,11,최신,백만원,
우양에이치씨,101970,기계·플랜트,2026Q2,2026Q2,1083.3,11,최신,백만원,
동성케미컬,102260,화학·소재,2026Q2,2026Q2,20410.8,11,최신,백만원,
풍산,103140,철강·금속,2026Q2,2026Q2,8945.2,9,최신,"M/T,백만원",
에스앤더블류,103230,기계·플랜트,2026Q2,2026Q2,522.4,10,최신,개/천원,
일진전기,103590,전력기기·전선,2026Q2,2026Q2,27315.0,11,최신,천USD,
씨앗,103660,기타,2025Q4,2025Q4,186.9,2,최신,천원,
디와이피엔에프,104460,기계·플랜트,2026Q2,2026Q2,1635.1,10,최신,천원,
티케이케미칼,104480,기타,2026Q2,2026Q2,1341.6,10,최신,백만원,
한국철강,104700,철강·금속,2026Q2,2024Q1,316.4,2,수주표없음,"톤,백만원",
엣지파운드리,105550,전자부품·전기전자,2026Q2,2026Q2,461.0,7,최신,원,
우진,105840,반도체·디스플레이 장비,2026Q2,2026Q2,861.6,11,최신,천원,
하이텍팜,106190,제약·바이오·의료,2026Q2,2026Q2,485.4,11,최신,백만원,
한중엔시에스,107640,전력기기·전선,2026Q2,2025Q3,589.6,6,수주표없음,백만원,
톱텍,108230,반도체·디스플레이 장비,2026Q2,2026Q2,1582.5,11,최신,,
대양전기공업,108380,조선·조선기자재,2026Q2,2026Q2,3276.1,10,최신,백만원,
셀바스AI,108860,통신장비·IT,2026Q2,2026Q2,34.5,10,최신,백만원,
주성코퍼레이션,109070,통신장비·IT,2026Q2,2026Q1,0.5,9,값0/파싱실패,천원,
디에스케이,109740,반도체·디스플레이 장비,2026Q2,2026Q2,35.2,11,최신,천원,
앱토크롬,109960,기타,2026Q2,2026Q1,2.9,9,값0/파싱실패,백만원,
디아이티,110990,반도체·디스플레이 장비,2026Q2,2026Q2,676.5,11,최신,백만원,
동인기연,111380,기타,2026Q2,2024Q4,610.3,2,수주표없음,천원,
KC산업,112190,기타,2025Q4,2025Q4,993.6,3,최신,백만원,
씨에스윈드,112610,기계·플랜트,2026Q2,2026Q2,15692.4,11,최신,백만USD,
강원에너지,114190,전력기기·전선,2026Q2,,,0,단위불명,,
폴라리스우노,114630,기타,2026Q2,,,0,값0/파싱실패,,
대주이엔티,114920,기타,2025Q4,2025Q4,57.0,3,최신,백만원,
HLB테라퓨틱스,115450,기타,2026Q2,2026Q2,13.4,7,최신,백만원,
케이씨에스,115500,통신장비·IT,2026Q2,2026Q2,89.5,11,최신,천원,
씨엔플러스,115530,전자부품·전기전자,2026Q2,2026Q2,173.8,11,최신,천원,
포메탈,119500,철강·금속,2026Q2,2026Q2,12.0,11,최신,EA/백만원,
KC코트렐,119650,기계·플랜트,2026Q2,,,0,단위불명,,
유니포인트,121060,기타,2025Q4,,,0,수주표없음,,
에스디시스템,121890,전자부품·전기전자,2026Q2,2026Q2,17.0,11,최신,천원,
알엔티엑스,123010,전자부품·전기전자,2026Q2,2025Q2,1.1,1,수주표없음,천원,
알톤,123750,기계·플랜트,2026Q2,2026Q2,12.9,11,최신,"대,백만원",
뉴온,123840,기타,2026Q2,2024Q4,20.7,4,수주표없음,,
아이티센글로벌,124500,통신장비·IT,2026Q2,2026Q2,136.1,11,최신,백만원,
태웅로직스,124560,기타,2026Q2,2026Q2,162.8,11,최신,USD,
현대퓨처넷,126560,통신장비·IT,2026Q2,2024Q3,1.3,3,수주표없음,백만원/VAT포함,
하이비젼시스템,126700,반도체·디스플레이 장비,2026Q2,2026Q2,2883.9,11,최신,백만원,
수산인더스트리,126720,건설·건축,2026Q2,2026Q2,3071.5,11,최신,백만원,
제이엔케이글로벌,126880,기계·플랜트,2026Q2,2026Q2,3959.4,11,최신,백만원,
제이에스링크,127120,제약·바이오·의료,2026Q2,2026Q2,57.5,9,최신,원,
피제이메탈,128660,철강·금속,2026Q2,2024Q1,247.2,1,수주표없음,"톤,백만원",
인터지스,129260,기타,2026Q2,,,0,수주표없음,,
대성하이텍,129920,반도체·디스플레이 장비,2026Q2,2026Q2,764.9,11,최신,천원,
티에스이,131290,반도체·디스플레이 장비,2026Q2,2026Q2,1319.1,11,최신,"개,백만원",
파인텍,131760,반도체·디스플레이 장비,2026Q2,2026Q2,283.7,11,최신,천원,
원일티엔아이,136150,기계·플랜트,2026Q2,2026Q2,511.1,5,최신,천원,
넥스트아이,137940,반도체·디스플레이 장비,2026Q2,2025Q4,2.4,8,수주표없음,,
오이솔루션,138080,통신장비·IT,2026Q2,2026Q2,421.4,10,최신,백만원,
앤로보틱스,138360,반도체·디스플레이 장비,2026Q2,2026Q2,55.2,11,최신,백만원,
이마트,139480,기타,2026Q2,2026Q2,18875.0,11,최신,백만원,
아주스틸,139990,철강·금속,2026Q2,2024Q3,149.9,4,수주표없음,원,
카티스,140430,통신장비·IT,2026Q2,2026Q2,173.1,10,최신,천원,
알에스오토메이션,140670,전자부품·전기전자,2026Q2,2026Q2,202.1,11,최신,"대,백만원",
파크시스템스,140860,반도체·디스플레이 장비,2026Q2,2026Q1,871.3,10,단위불명,"USD,천원",
비아트론,141000,반도체·디스플레이 장비,2026Q2,2026Q2,283.4,11,최신,천원,
녹십자엠에스,142280,제약·바이오·의료,2026Q2,2026Q2,79.4,11,최신,백만원,
영우디에스피,143540,반도체·디스플레이 장비,2026Q2,2026Q2,419.6,11,최신,백만원,
다이나믹디자인,145210,반도체·디스플레이 장비,2026Q2,2026Q2,165.0,11,최신,"조,백만원",
덴티움,145720,제약·바이오·의료,2026Q2,2024Q3,150.0,4,수주표없음,천원,
제룡산업,147830,기계·플랜트,2026Q2,2026Q2,53.5,11,최신,천원,
에이치와이티씨,148930,철강·금속,2026Q2,2026Q2,59.1,7,최신,"EA,백만원",
아이케이세미콘,149010,기타,2025Q4,,,0,수주표없음,,
KG에코솔루션,151860,기타,2026Q2,2026Q2,89.8,10,최신,"톤,백만원",
와이엠씨,155650,전자부품·전기전자,2026Q2,2024Q3,120.0,4,수주표없음,백만원,
에코글로우,159910,화학·소재,2026Q2,,,0,수주표없음,,
필옵틱스,161580,반도체·디스플레이 장비,2026Q2,2026Q2,1258.2,11,최신,백만원,
루켄테크놀러지스,162120,기타,2025Q4,2025Q4,76.5,1,최신,"EA,백만원",
에어레인,163280,기계·플랜트,2026Q2,2026Q2,46.7,7,최신,백만원,
핑거,163730,통신장비·IT,2026Q2,2026Q2,399.9,11,최신,백만원,
코아스템켐온,166480,제약·바이오·의료,2026Q2,2026Q2,126.9,11,최신,백만원,
엠브레인,169330,기타,2026Q1,2026Q1,164.0,10,최신,백만원,
코스텍시스템,169670,기타,2025Q4,2025Q4,131.9,3,최신,백만원/대,
엘티씨,170920,화학·소재,2026Q2,2026Q2,48.4,7,최신,천원,
선익시스템,171090,반도체·디스플레이 장비,2026Q2,2026Q2,6420.1,11,최신,백만원,
오파스넷,173130,통신장비·IT,2026Q2,2026Q2,1482.8,11,최신,백만원,
아고스,175140,통신장비·IT,2026Q2,2026Q1,32.4,10,값0/파싱실패,백만원,
코나솔,176590,기타,2025Q4,,,0,수주표없음,,
베셀,177350,화학·소재,2026Q2,2025Q1,4.2,6,수주표없음,천원,
쓰리에이로직스,177900,반도체·디스플레이 장비,2026Q2,2026Q2,81.8,1,최신,백만원,
엠아이텍,179290,제약·바이오·의료,2026Q2,2026Q2,55.2,11,최신,"개,천원",
큐브엔터,182360,통신장비·IT,2026Q2,2026Q2,853.7,11,최신,천원,
엔케이젠바이오텍코리아,182400,제약·바이오·의료,2026Q2,2026Q2,15063.4,11,최신,원,
수프로,185190,기타,2026Q1,2026Q1,49.0,3,최신,원,
그린플러스,186230,철강·금속,2026Q2,2026Q2,425.6,11,최신,천원,
페니트리움바이오,187660,제약·바이오·의료,2026Q2,2026Q2,186.0,10,최신,천원,
나노,187790,화학·소재,2026Q2,2026Q2,623.7,11,최신,"m3,천원",
인텔리안테크,189300,통신장비·IT,2026Q2,2026Q2,304.3,8,최신,백만원,
씨이랩,189330,통신장비·IT,2026Q2,2026Q2,31.7,10,최신,천원,
코셋,189350,기타,2025Q4,2025Q4,18.1,3,최신,개/백만원,
서전기전,189860,전력기기·전선,2026Q2,2026Q2,590.7,11,최신,백만원,
육일씨엔에쓰,191410,전자부품·전기전자,2026Q2,2026Q2,11.2,8,최신,천원,
테고사이언스,191420,제약·바이오·의료,2026Q2,2024Q4,0.6,5,수주표없음,,
블루탑,191600,기타,2025Q4,2025Q4,53.2,3,최신,백만원,
윈하이텍,192390,기계·플랜트,2026Q2,2026Q2,651.6,11,최신,백만원,
루트K,195990,반도체·디스플레이 장비,2026Q2,2024Q2,104.2,2,수주표없음,천원,
알테오젠,196170,제약·바이오·의료,2026Q2,2024Q1,53.8,2,수주표없음,백만원,
HLB펩,196300,제약·바이오·의료,2026Q2,2026Q2,5.7,4,최신,백만원,
웹스,196700,화학·소재,2026Q2,2026Q2,2.4,10,최신,"경간,m,원",
디지캡,197140,통신장비·IT,2026Q2,2024Q3,32.8,4,수주표없음,천원,
데이터스트림즈,199150,기타,2025Q4,2025Q4,52.0,3,최신,백만원,
바이오프로테크,199290,기타,2025Q4,2025Q4,64.7,3,최신,"천EA,백만원",
뱅크웨어글로벌,199480,통신장비·IT,2026Q2,2026Q2,454.2,6,최신,원,
바이오인프라,199730,제약·바이오·의료,2026Q2,2026Q2,219.9,11,최신,천원,
제일일렉트릭,199820,전력기기·전선,2026Q2,2026Q2,910.0,10,최신,백만원,
텔콘RF제약,200230,제약·바이오·의료,2026Q2,2026Q2,408.3,11,최신,원,
아티스트스튜디오,200350,통신장비·IT,2026Q2,2025Q3,36.0,8,값0/파싱실패,천원,
메디쎄이,200580,기타,2025Q4,2025Q4,20.0,3,최신,"개,$",
에이비온,203400,제약·바이오·의료,2026Q2,2026Q2,5.2,11,최신,천원,
HL만도,204320,자동차부품,2026Q2,2026Q2,9432.3,11,최신,백만원,
지엘팜텍,204840,기타,2026Q2,2026Q2,10.0,11,최신,백만원,
엑셈,205100,통신장비·IT,2026Q2,2026Q2,49.7,10,최신,백만원,
베노티앤알,206400,건설·건축,2026Q2,2026Q2,24.0,11,최신,천원,
덱스터,206560,통신장비·IT,2026Q2,2026Q2,46.9,9,최신,천원,
유바이오로직스,206650,제약·바이오·의료,2026Q2,2026Q2,1029.9,11,최신,"만도즈,천달러",
에이펙스인텍,207490,기타,2025Q4,2025Q4,312.6,3,최신,"EA,백만원",
삼성바이오로직스,207940,제약·바이오·의료,2026Q2,2026Q2,316227.8,11,최신,백만달러,
이비테크,208850,기타,2025Q4,2025Q4,33.5,3,최신,백만원,
와이제이링크,209640,반도체·디스플레이 장비,2026Q2,2026Q2,41.4,2,최신,백만원,
SK디앤디,210980,건설·건축,2026Q2,2026Q2,1890.1,11,최신,백만원,
AP위성,211270,통신장비·IT,2026Q2,2026Q2,249.3,10,최신,천원,
네오오토,212560,자동차부품,2026Q2,2026Q2,9548.9,11,최신,"천만EA,백만원",
아이에스티이,212710,반도체·디스플레이 장비,2026Q2,2026Q2,414.0,7,최신,천원,
덕산네오룩스,213420,전자부품·전기전자,2026Q2,2026Q2,3915.9,10,최신,백만원,
한솔제지,213500,화학·소재,2026Q2,2026Q2,2471.7,11,최신,백만원,
아이쓰리시스템,214430,전자부품·전기전자,2026Q2,2026Q2,963.5,11,최신,백만원,
솔디펜스,215090,반도체·디스플레이 장비,2026Q2,2026Q2,372.9,10,최신,천원,
콜마바이오텍,215380,제약·바이오·의료,2026Q2,2026Q2,104.1,11,최신,백만원,
크로넥스,215570,기타,2024Q4,2024Q4,4.2,2,최신,원,
인바이츠바이오코아,216400,기타,2025Q4,2025Q4,89.9,3,최신,천원,
제너셈,217190,반도체·디스플레이 장비,2026Q2,2026Q2,749.2,11,최신,백만원,
썬테크,217320,기타,2024Q4,2024Q4,104.8,1,최신,백만원,
러셀,217500,반도체·디스플레이 장비,2026Q2,2026Q2,211.3,10,최신,백만원,
티엠씨,217590,전력기기·전선,2026Q2,2026Q2,1696.7,3,최신,백만원,
강스템바이오텍,217730,제약·바이오·의료,2026Q2,2024Q1,108.2,2,수주표없음,백만원,
틸론,217880,기타,2025Q4,2024Q1,14.8,2,수주표없음,백만원,
RFHIC,218410,통신장비·IT,2026Q2,2024Q3,594.2,4,수주표없음,천원,
링크제니시스,219420,통신장비·IT,2026Q2,2025Q3,4.5,5,이상치제외,백만원,
퓨쳐켐,220100,제약·바이오·의료,2026Q2,2024Q2,0.0,2,값0/파싱실패,천원,
폴라리스AI핸디,220180,통신장비·IT,2026Q2,2026Q2,244.7,11,최신,"건,천원",
하이즈항공,221840,방산·항공우주,2026Q2,2026Q2,11834.6,11,최신,백만원,
SFA넥셀,222080,반도체·디스플레이 장비,2026Q2,2026Q2,2750.7,11,최신,원,
팬젠,222110,제약·바이오·의료,2026Q2,2026Q2,77.0,11,최신,"천원,$",
NPX,222160,기타,2026Q1,2026Q1,53.0,3,최신,대/억원,
쎄노텍,222420,화학·소재,2026Q2,2026Q2,118.5,11,최신,"톤,USD",
심텍,222800,전자부품·전기전자,2026Q2,2026Q2,5526.9,11,최신,"㎡,천USD",
드림씨아이에스,223250,제약·바이오·의료,2026Q2,2026Q2,2514.9,11,최신,천원,
더코디,224060,전자부품·전기전자,2026Q2,2026Q2,42.1,8,최신,백만원,
엔에스컴퍼니,224760,기타,2025Q4,,,0,수주표없음,,
엄지하우스,224810,기타,2025Q4,2025Q4,397.3,3,최신,천원,
제놀루션,225220,제약·바이오·의료,2026Q2,,,0,수주표없음,,
신테카바이오,226330,통신장비·IT,2026Q2,2026Q2,8.0,11,최신,백만원,
본느,226340,화학·소재,2026Q1,,,0,단위불명,,
LS에코에너지,229640,지주·기타,2026Q2,2026Q2,2455.5,11,최신,백만원,
에치에프알,230240,통신장비·IT,2026Q2,2026Q2,304.6,11,최신,백만원,
와이씨,232140,반도체·디스플레이 장비,2026Q2,2026Q2,2142.1,6,최신,백만원,
라온로보틱스,232680,반도체·디스플레이 장비,2026Q2,2026Q2,523.5,10,최신,백만원,
아이티센피엔에스,232830,통신장비·IT,2026Q2,2026Q2,50.1,9,최신,천원,
폴라리스세원,234100,자동차부품,2026Q2,2025Q2,63.0,5,수주표없음,천원,
에스트래픽,234300,통신장비·IT,2026Q2,2026Q2,1287.0,11,최신,천원,
자이글,234920,전자부품·전기전자,2026Q2,2025Q2,16.8,3,수주표없음,"EA,백만원",
에스티팜,237690,제약·바이오·의료,2026Q2,,,0,단위불명,,
피앤씨테크,237750,전력기기·전선,2026Q2,2026Q2,22.0,6,최신,백만원,
힘스,238490,반도체·디스플레이 장비,2026Q2,2026Q2,367.6,8,최신,"EA,백만원",
유진테크놀로지,240600,철강·금속,2026Q1,2026Q1,48.3,10,최신,백만원,
원익IPS,240810,반도체·디스플레이 장비,2026Q2,2026Q2,6345.9,11,최신,백만원,
티이엠씨씨엔에스,241790,반도체·디스플레이 장비,2026Q2,2026Q2,1475.0,11,최신,억,
아이티센코어,243870,기타,2025Q4,2025Q4,7.7,1,최신,천원,
나눔테크,244880,기타,2025Q4,2024Q4,1.2,2,수주표없음,천원,
아스타,246720,제약·바이오·의료,2026Q2,2026Q1,8.4,1,수주표없음,천원,
모비스,250060,통신장비·IT,2026Q2,2026Q2,72.1,11,최신,원,
브이원텍,251630,반도체·디스플레이 장비,2026Q2,2026Q2,456.9,11,최신,백만원,
네오셈,253590,반도체·디스플레이 장비,2026Q2,2026Q2,837.0,9,최신,"K$,백만원",
자비스,254120,반도체·디스플레이 장비,2026Q1,2026Q1,153.8,10,최신,원,
야스,255440,반도체·디스플레이 장비,2026Q2,2026Q2,148.9,9,최신,천원,
한국비엔씨,256840,제약·바이오·의료,2026Q2,2026Q1,4.3,9,값0/파싱실패,"천개,천원",
킵스파마,256940,제약·바이오·의료,2026Q2,2025Q1,11.5,6,수주표없음,백만원,
피엔티엠에스,257370,반도체·디스플레이 장비,2026Q2,2026Q2,227.9,11,최신,백만원,
테크트랜스,258050,기타,2025Q4,,,0,수주표없음,,
케일럼,258610,기계·플랜트,2026Q2,2026Q2,1626.1,11,최신,백만원,
엠플러스,259630,반도체·디스플레이 장비,2026Q2,2026Q2,631.0,11,최신,억원,
아이퀘스트,262840,통신장비·IT,2026Q2,2026Q2,144.6,11,최신,백만원,
디케이앤디,263020,화학·소재,2026Q2,2026Q2,31.9,3,최신,"YD,백만원",
유틸렉스,263050,제약·바이오·의료,2026Q2,2026Q2,18.3,9,최신,천원,
데이타솔루션,263800,기계·플랜트,2026Q2,2024Q4,3.2,5,수주표없음,,
유비쿼스,264450,통신장비·IT,2026Q2,2026Q2,874.9,11,최신,백만원,
씨앤지하이테크,264660,반도체·디스플레이 장비,2026Q2,2026Q2,251.9,5,최신,백만원,
AP시스템,265520,반도체·디스플레이 장비,2026Q2,2026Q2,2132.0,11,최신,백만원,
HD현대,267250,지주·기타,2026Q2,2026Q1,890930.3,10,이상치제외,"천원,천USD,천JPY",
HD현대일렉트릭,267260,전력기기·전선,2026Q2,2026Q2,123105.0,10,최신,백만원,
아시아나IDT,267850,통신장비·IT,2026Q2,2026Q2,1108.0,11,최신,억원,
에스알바이오텍,270210,기타,2025Q4,2024Q4,37.4,2,수주표없음,,
에브리봇,270660,전자부품·전기전자,2026Q2,2025Q1,18.5,1,수주표없음,원,
팸텍,271830,반도체·디스플레이 장비,2026Q2,2026Q2,307.3,11,최신,백만원,
한화시스템,272210,전자부품·전기전자,2026Q2,2026Q2,113185.9,11,최신,백만원,
와이엠텍,273640,전력기기·전선,2026Q1,2023Q4,18.5,1,수주표없음,EA/천원,
이노시뮬레이션,274400,통신장비·IT,2026Q2,2026Q2,274.8,11,최신,천원,
스코넥,276040,통신장비·IT,2026Q2,2026Q1,4.3,9,값0/파싱실패,백만원,
엘리비젼,276240,기타,2025Q4,2025Q4,8.0,3,최신,천원,
티에스아이,277880,반도체·디스플레이 장비,2026Q2,2026Q2,2081.6,11,최신,백만원,
HLB바이오스텝,278650,제약·바이오·의료,2026Q2,2026Q1,246.5,2,이상치제외,천원,
이노벡스,279060,기타,2025Q4,2025Q4,31.4,3,최신,천원,
미디어젠,279600,통신장비·IT,2026Q2,2026Q2,82.1,11,최신,백만원,
케이씨텍,281820,반도체·디스플레이 장비,2026Q2,2024Q4,407.6,5,수주표없음,천원,
금양그린파워,282720,건설·건축,2026Q2,2026Q2,2644.8,11,최신,천원,
코윈테크,282880,반도체·디스플레이 장비,2026Q2,2026Q2,2818.2,11,최신,백만원,
SK케미칼,285130,화학·소재,2026Q2,2026Q2,5783.2,11,최신,백만원,
나노실리칸첨단소재,286750,화학·소재,2026Q2,2026Q2,11.6,7,최신,"EA,천원",
롯데이노베이트,286940,통신장비·IT,2026Q2,2026Q2,1751.4,11,최신,백만원,
에스프리즘,288620,전력기기·전선,2026Q2,2026Q2,139.6,10,최신,백만원,
모아데이타,288980,통신장비·IT,2026Q2,2026Q2,23.9,10,최신,천원,
자이언트스텝,289220,통신장비·IT,2026Q2,2026Q2,44.4,11,최신,억원,
웨이비스,289930,반도체·디스플레이 장비,2026Q2,2026Q2,0.9,7,최신,원,
트윔,290090,통신장비·IT,2026Q2,2026Q2,130.3,10,최신,"건수,백만원",
신도기연,290520,반도체·디스플레이 장비,2026Q2,2026Q2,34.9,11,최신,백만원,
아리바이오홀딩스,290690,전력기기·전선,2026Q2,2026Q1,289.1,10,이상치제외,천원,
츌립앤사이언스,291650,제약·바이오·의료,2026Q2,2026Q2,7.7,6,최신,천원,
핀텔,291810,통신장비·IT,2026Q2,2026Q2,27.6,11,최신,백만원,
하나제약,293480,제약·바이오·의료,2026Q2,2026Q2,524.5,7,최신,백만원,
이오플로우,294090,제약·바이오·의료,2026Q2,2025Q3,8.0,7,수주표없음,"백만원,천개",
레몬,294140,기타,2026Q2,2026Q2,17.0,11,최신,백만원,
쿠콘,294570,통신장비·IT,2026Q2,2024Q2,0.3,3,수주표없음,백만원,
서남,294630,전력기기·전선,2026Q2,2026Q2,25.9,10,최신,원,
IPARK현대산업개발,294870,건설·건축,2026Q2,2026Q2,222936.1,11,최신,백만원,
에이치브이엠,295310,철강·금속,2026Q2,2026Q2,630.8,9,최신,백만원,
이노에이엑스,296640,통신장비·IT,2026Q2,2026Q2,178.6,11,최신,백만원,
HB솔루션,297890,반도체·디스플레이 장비,2026Q2,2026Q2,271.0,11,최신,백만원,
효성중공업,298040,전력기기·전선,2026Q2,2026Q2,329582.5,11,최신,백만원,
하나기술,299030,반도체·디스플레이 장비,2026Q2,2026Q2,4825.4,10,최신,백만원,
셀리드,299660,제약·바이오·의료,2026Q2,2026Q2,43.9,11,최신,천원,
위지윅스튜디오,299900,통신장비·IT,2025Q4,2023Q4,14.0,1,수주표없음,천원,
라온피플,300120,통신장비·IT,2026Q2,2026Q2,2817.5,9,최신,백만원,
한일시멘트,300720,화학·소재,2026Q2,2026Q2,1830.7,11,최신,백만원,
바이브컴퍼니,301300,통신장비·IT,2026Q2,2026Q2,78.9,10,최신,천원,
이노메트리,302430,반도체·디스플레이 장비,2026Q2,2024Q1,231.3,2,수주표없음,천원,
SK바이오사이언스,302440,제약·바이오·의료,2026Q2,2026Q2,5783.2,11,최신,백만원,
리메드,302550,제약·바이오·의료,2026Q2,2026Q2,215.1,10,최신,"대,천원",
동국생명과학,303810,제약·바이오·의료,2026Q2,2026Q2,15.3,7,최신,천원,
솔트룩스,304100,통신장비·IT,2026Q2,2026Q2,129.2,9,최신,천원,
세아제강,306200,철강·금속,2026Q2,2026Q2,577.6,11,최신,백만원,
아이엘,307180,전력기기·전선,2026Q2,2026Q2,868.2,10,최신,천원,
비투엔,307870,통신장비·IT,2026Q2,2026Q2,52.8,11,최신,백만원,
현대오토에버,307950,통신장비·IT,2026Q2,2026Q2,12741.0,11,최신,억원,
아이티켐,309710,제약·바이오·의료,2026Q1,2026Q1,184.0,3,최신,"Kg,백만원",
엘에이티,311060,기타,2025Q4,2023Q4,362.9,1,수주표없음,천원,
인터로이드,311960,기타,2024Q4,2024Q4,9.5,2,최신,천원,
캐리,313760,전력기기·전선,2026Q2,2024Q4,1.3,2,수주표없음,천원,
지놈앤컴퍼니,314130,제약·바이오·의료,2026Q2,2026Q2,64.0,11,최신,백만원,
딥노이드,315640,통신장비·IT,2026Q2,2026Q2,25.6,11,최신,천원,
자이에스앤디,317400,건설·건축,2026Q2,2026Q2,32223.7,11,최신,백만원,
에스피시스템스,317830,반도체·디스플레이 장비,2026Q2,2026Q2,246.2,10,최신,천원,
대모,317850,반도체·디스플레이 장비,2026Q2,2026Q2,62.2,11,최신,천원,
타임기술,318660,기타,2025Q4,2025Q4,53.9,3,최신,천원,
현대무벡스,319400,기계·플랜트,2026Q2,2026Q2,3818.0,10,최신,천원,
한울반도체,320000,반도체·디스플레이 장비,2026Q2,2026Q2,49.3,11,최신,천원,
프로이천,321260,반도체·디스플레이 장비,2026Q2,2026Q1,52.2,10,값0/파싱실패,백만원,
센서뷰,321370,전자부품·전기전자,2026Q2,2026Q2,220.9,8,최신,천원,
티움바이오,321550,제약·바이오·의료,2026Q2,2026Q2,253.2,11,최신,천원,
HD현대에너지솔루션,322000,반도체·디스플레이 장비,2026Q2,2026Q2,143.0,11,최신,천원,
LS티라유텍,322180,통신장비·IT,2026Q2,2026Q2,134.0,10,최신,백만원,
제이엘케이,322510,통신장비·IT,2026Q2,2026Q2,2.5,11,최신,백만원,
태성,323280,반도체·디스플레이 장비,2026Q2,2026Q2,455.9,11,최신,백만원,
다원넥스뷰,323350,반도체·디스플레이 장비,2026Q2,,,0,수주표없음,,
루닛,328130,통신장비·IT,2026Q2,2026Q2,281.7,6,최신,USD,
HD현대중공업,329180,조선·조선기자재,2026Q2,2026Q2,695141.5,11,최신,백만원,
아우토크립트,331740,통신장비·IT,2026Q2,2026Q2,89.2,4,최신,천원,
누보,332290,화학·소재,2026Q2,2026Q2,1.6,10,최신,"천KG,천USD",
이노테나,333050,통신장비·IT,2026Q2,2026Q2,173.4,11,최신,천원,
일승,333430,조선·조선기자재,2026Q2,2026Q2,312.7,11,최신,백만원,
엔시스,333620,전력기기·전선,2026Q2,2026Q2,618.3,11,최신,백만원,
프레스티지바이오로직스,334970,제약·바이오·의료,2026Q1,2026Q1,0.7,7,최신,"천$,백만원",
웨이버스,336060,통신장비·IT,2026Q2,2026Q2,351.2,11,최신,천원,
뷰노,338220,통신장비·IT,2026Q2,2026Q2,0.2,11,최신,백만원,
티앤엘,340570,제약·바이오·의료,2026Q2,2025Q1,306.4,6,수주표없음,천원,
시선AI,340810,통신장비·IT,2026Q2,2026Q2,122.7,11,최신,백만원,
케이씨씨글라스,344820,화학·소재,2026Q2,2026Q2,1126.7,11,최신,백만원,
타이드,346010,기타,2025Q4,2025Q4,6.8,3,최신,천원,
센코,347000,반도체·디스플레이 장비,2026Q2,2026Q2,20.5,11,최신,원,
스피어,347700,통신장비·IT,2026Q2,2026Q2,1630.3,6,최신,USD,
피엔케이피부임상연구센타,347740,기타,2026Q2,2026Q2,82.4,11,최신,백만원,
알체라,347860,통신장비·IT,2026Q2,2026Q2,123.6,11,최신,백만원,
엠엑스온,347890,반도체·디스플레이 장비,2026Q2,2026Q2,1898.9,3,최신,천원,
넥스틴,348210,반도체·디스플레이 장비,2026Q2,2026Q2,89.8,10,최신,백만원,
위드텍,348350,반도체·디스플레이 장비,2026Q2,2026Q2,306.3,11,최신,백만원,
넥사다이내믹스,351320,반도체·디스플레이 장비,2026Q2,2026Q2,58.0,11,최신,백만원,
오비고,352910,통신장비·IT,2026Q2,2026Q2,65.7,10,최신,천원,
인바이오,352940,화학·소재,2026Q2,2026Q2,35.9,10,최신,"병/봉,천원",
대덕전자,353200,전자부품·전기전자,2026Q2,2026Q2,3328.0,11,최신,"천㎡,억원",
바스칸바이오제약,354390,기타,2025Q4,,,0,수주표없음,,
코스텍시스,355150,반도체·디스플레이 장비,2026Q2,2025Q4,12.3,9,수주표없음,,
크라우드웍스,355390,통신장비·IT,2026Q2,2026Q2,32.9,11,최신,"개,백만원",
티엘비,356860,전자부품·전기전자,2026Q2,2026Q2,1318.0,11,최신,억원,
싸이버원,356890,통신장비·IT,2026Q2,2025Q1,94.8,5,수주표없음,백만원,
씨엔알리서치,359090,기타,2026Q2,2026Q2,1600.6,11,최신,백만원,
탑머티리얼,360070,2차전지·에너지,2026Q2,2026Q2,552.2,11,최신,천원,
코셈,360350,반도체·디스플레이 장비,2026Q2,2026Q2,17.8,10,최신,백만원,
제노코,361390,통신장비·IT,2026Q2,2026Q2,644.9,11,최신,백만원,
티와이홀딩스,363280,지주·기타,2026Q2,2024Q3,163327.6,4,수주표없음,천원,시총대비 186배 — 차트 제외
에이아이코리아,364950,반도체·디스플레이 장비,2026Q2,2025Q3,203.6,2,수주표없음,천원,
에스와이스틸텍,365330,기계·플랜트,2026Q2,2026Q2,581.5,11,최신,"천㎡,천원",
레몬헬스케어,365660,통신장비·IT,2026Q2,2026Q2,114.7,1,최신,천원,
플래티어,367000,통신장비·IT,2026Q2,2026Q2,104.5,10,최신,백만원,
파이버프로,368770,반도체·디스플레이 장비,2026Q2,,,0,수주표없음,,
퓨런티어,370090,반도체·디스플레이 장비,2026Q2,2026Q2,63.9,11,최신,원,
윤성에프앤씨,372170,반도체·디스플레이 장비,2026Q2,2026Q2,1926.8,11,최신,백만원,
아이티아이즈,372800,통신장비·IT,2026Q2,2026Q2,518.3,11,최신,백만원,
한컴라이프케어,372910,제약·바이오·의료,2026Q2,2025Q1,939.3,6,수주표없음,"개,백만원",
엠아이큐브솔루션,373170,통신장비·IT,2026Q2,2026Q2,117.2,10,최신,천원,
DL이앤씨,375500,건설·건축,2026Q2,2026Q2,256396.3,11,최신,백만원,
노을,376930,제약·바이오·의료,2026Q2,2026Q2,211.7,11,최신,백만원,
비트맥스,377030,통신장비·IT,2026Q2,2025Q1,5.0,5,수주표없음,백만원,
이지트로닉스,377330,전력기기·전선,2026Q2,2026Q2,45.9,11,최신,백만원,
마음AI,377480,통신장비·IT,2026Q2,2025Q4,26.5,9,이상치제외,,
필에너지,378340,반도체·디스플레이 장비,2026Q2,2026Q2,952.6,11,최신,백만원,
이성씨엔아이,379390,기타,2025Q4,2023Q4,4.4,1,단위불명,원,
옵티코어,380540,기타,2026Q2,2026Q2,35.4,11,최신,"EA,백만원",
뉴로핏,380550,통신장비·IT,2026Q2,2026Q2,11.4,5,최신,천원,
지앤비에스 에코,382800,반도체·디스플레이 장비,2026Q2,2025Q1,91.7,6,수주표없음,백만원,
원준,382840,반도체·디스플레이 장비,2026Q2,2026Q2,501.7,11,최신,백만원,
범한퓨얼셀,382900,전력기기·전선,2026Q2,2026Q2,610.7,11,최신,백만원,
에코프로에이치엔,383310,화학·소재,2026Q2,2026Q2,830.3,11,최신,백만원,
디티앤씨알오,383930,제약·바이오·의료,2026Q2,2026Q2,561.9,11,최신,천원,
지투파워,388050,전력기기·전선,2026Q2,2026Q2,1141.3,11,최신,백만원,
유일로보틱스,388720,반도체·디스플레이 장비,2026Q2,2026Q2,111.2,3,최신,백만원,
라이콤,388790,통신장비·IT,2026Q2,2026Q2,191.2,11,최신,백만원,
자람테크놀로지,389020,반도체·디스플레이 장비,2026Q2,2026Q2,241.8,11,최신,백만원,
포바이포,389140,통신장비·IT,2026Q2,2026Q2,63.0,5,최신,백만원,
대명에너지,389260,건설·건축,2026Q2,2025Q4,2386.1,9,이상치제외,천원,
인벤티지랩,389470,제약·바이오·의료,2026Q1,2026Q1,6.4,3,최신,백만원,
에스비비테크,389500,기계·플랜트,2026Q2,2026Q2,111.2,11,최신,백만원,
토마토시스템,393210,통신장비·IT,2026Q2,2026Q2,184.1,10,최신,천원,
쓰리빌리언,394800,제약·바이오·의료,2026Q2,2026Q2,17.1,6,최신,"건,천원",
세아메카닉스,396300,철강·금속,2026Q2,2026Q2,5775.4,11,최신,백만원,
에스지헬스케어,398120,제약·바이오·의료,2026Q1,2026Q1,19.5,5,최신,백만,
가온칩스,399720,반도체·디스플레이 장비,2026Q2,2026Q2,764.1,5,최신,백만원,
코난테크놀로지,402030,통신장비·IT,2026Q2,2026Q2,225.0,11,최신,백만원,
라피치,403360,기타,2026Q2,2026Q2,127.5,5,최신,백만원,
아이엘로보틱스,403810,기타,2025Q4,2025Q4,36.0,1,최신,백만원,
제일엠앤에스,412540,반도체·디스플레이 장비,2026Q2,2026Q2,2943.3,8,최신,백만원,
티엘엔지니어링,413300,기타,2025Q4,2025Q4,25.1,3,최신,원,
비아이매트릭스,413640,통신장비·IT,2026Q2,2026Q2,138.7,11,최신,백만원,
오브젠,417860,통신장비·IT,2026Q2,2026Q2,273.6,11,최신,백만원,
제이오,418550,건설·건축,2026Q2,2026Q2,131.1,11,최신,천원,
E8,418620,통신장비·IT,2026Q2,2026Q2,74.1,11,최신,천원,
삼기에너지솔루션즈,419050,자동차부품,2026Q2,2026Q2,1468.4,10,최신,백만원,
산돌,419120,통신장비·IT,2026Q2,2026Q2,16.3,11,최신,"연결,원",
기가비스,420770,반도체·디스플레이 장비,2026Q2,2026Q2,652.7,6,최신,백만원,
벨로크,424760,통신장비·IT,2026Q2,2026Q2,147.0,11,최신,백만원,
스마트레이더시스템,424960,반도체·디스플레이 장비,2026Q2,,,0,수주표없음,,
케이쓰리아이,431190,통신장비·IT,2026Q2,2026Q2,77.8,8,최신,백만원,
와이랩,432430,통신장비·IT,2026Q2,2026Q2,56.0,5,최신,천원,
버넥트,438700,통신장비·IT,2026Q2,2026Q2,3.1,11,최신,,
대한조선,439260,조선·조선기자재,2026Q2,2026Q2,23665.1,5,최신,"척,백만원",
파두,440110,반도체·디스플레이 장비,2026Q2,2026Q2,2701.2,9,최신,천USD,
오픈놀,440320,통신장비·IT,2026Q2,2026Q2,245.2,10,최신,백만원,
HD현대마린솔루션,443060,건설·건축,2026Q2,2026Q2,2067.8,8,최신,백만원,
에스피소프트,443670,통신장비·IT,2026Q2,2026Q2,14.6,11,최신,원,
심플랫폼,444530,통신장비·IT,2026Q2,2026Q2,52.9,3,최신,천원,
에이직랜드,445090,반도체·디스플레이 장비,2026Q2,2026Q2,618.2,8,최신,백만원,
큐리옥스바이오시스템즈,445680,제약·바이오·의료,2026Q2,2026Q2,29.1,11,최신,"대,백만원",
에코아이,448280,기타,2026Q2,2026Q2,84.8,11,최신,"톤,백만원",
한국피아이엠,448900,자동차부품,2026Q2,2026Q2,424.2,7,최신,천원,
인스웨이브,450520,통신장비·IT,2026Q2,2026Q2,441.1,10,최신,백만원,
아이엠티,451220,반도체·디스플레이 장비,2026Q2,2026Q2,18.0,7,최신,"대,USD",
컨텍,451760,통신장비·IT,2026Q2,2026Q2,327.8,11,최신,천원,
제이엔비,452160,반도체·디스플레이 장비,2026Q2,2024Q1,25.0,2,수주표없음,USD,
한빛레이저,452190,반도체·디스플레이 장비,2026Q2,2026Q2,115.7,11,최신,천원,
민테크,452200,반도체·디스플레이 장비,2026Q2,2026Q2,23.4,9,최신,백만원,
피아이이,452450,반도체·디스플레이 장비,2026Q2,2026Q2,302.5,7,최신,천원,
두산로보틱스,454910,반도체·디스플레이 장비,2026Q2,2026Q1,190.8,3,수주표없음,USD천,
케이지에이,455180,반도체·디스플레이 장비,2026Q2,2026Q2,199.2,2,최신,천원,
아이씨티케이,456010,반도체·디스플레이 장비,2026Q2,2026Q2,114.1,11,최신,천원,
이엔셀,456070,제약·바이오·의료,2026Q2,2026Q2,91.8,8,최신,백만원,
우진엔텍,457550,기타,2026Q2,2026Q2,210.9,11,최신,백만원,
나우로보틱스,459510,반도체·디스플레이 장비,2026Q1,2025Q4,7.2,1,수주표없음,천원,
아이빔테크놀로지,460470,반도체·디스플레이 장비,2026Q2,2026Q2,3.0,9,최신,천원,
동국제강,460860,철강·금속,2026Q2,2026Q2,6111.1,11,최신,"톤,백만원",
현대힘스,460930,조선·조선기자재,2026Q2,2026Q2,498.6,11,최신,백만원,
이노스페이스,462350,방산·항공우주,2026Q2,2026Q2,59.2,3,최신,백만원,
라메디텍,462510,제약·바이오·의료,2026Q2,2025Q1,1.0,4,수주표없음,천원,
조선내화,462520,기타,2026Q2,2023Q4,490.0,1,수주표없음,천원,
에스오에스랩,464080,반도체·디스플레이 장비,2026Q2,2026Q2,18.1,9,최신,백만원,
닷밀,464580,통신장비·IT,2026Q2,2026Q2,26.8,6,최신,백만원,
인스피언,465480,통신장비·IT,2026Q2,2026Q2,86.3,7,최신,"건,천원",
이노테크,469610,반도체·디스플레이 장비,2026Q2,2026Q2,32.4,2,최신,백만원,
아이비젼웍스,469750,반도체·디스플레이 장비,2026Q2,2026Q2,95.1,8,최신,백만원,
루미르,474170,방산·항공우주,2026Q2,2026Q2,44.5,7,최신,천원,
SK이터닉스,475150,건설·건축,2026Q2,2026Q2,2295.2,10,최신,백만원,
엔알비,475230,철강·금속,2026Q2,2026Q2,1410.0,4,최신,"백만원,%",
씨메스로보틱스,475400,반도체·디스플레이 장비,2026Q2,2026Q2,225.5,7,최신,천원,
키스트론,475430,전력기기·전선,2026Q2,2025Q3,133.8,2,수주표없음,"톤,백만원",
에이럭스,475580,기타,2026Q2,2026Q2,22.1,7,최신,"건,천원",
토모큐브,475960,반도체·디스플레이 장비,2026Q2,2026Q2,20.1,5,최신,백만원,
오가노이드사이언스,476040,제약·바이오·의료,2026Q2,2026Q2,2.6,5,최신,원,
M83,476080,통신장비·IT,2026Q2,2026Q2,127.2,8,최신,백만원,
마키나락스,477850,통신장비·IT,2026Q2,2026Q2,147.8,2,최신,백만원,
나라스페이스테크놀로지,478340,방산·항공우주,2026Q2,2026Q2,286.1,3,최신,천원,
씨케이솔루션,480370,기계·플랜트,2026Q2,2026Q2,2533.2,7,최신,백만원,
삼양컴텍,484590,기타,2026Q2,2025Q2,2160.7,1,수주표없음,백만원,
엠앤씨솔루션,484870,반도체·디스플레이 장비,2026Q2,2026Q2,28938.0,7,최신,억원,
노타,486990,통신장비·IT,2026Q2,2026Q2,116.0,3,최신,천원,
케이앤에스아이앤씨,487400,통신장비·IT,2026Q2,2026Q2,340.0,1,최신,천원,
에스투더블유,488280,통신장비·IT,2026Q2,2026Q2,53.5,4,최신,백만원,
비츠로넥스텍,488900,방산·항공우주,2026Q2,2026Q1,657.4,1,수주표없음,백만원,
한화비전,489790,통신장비·IT,2026Q2,2026Q2,133.1,8,최신,백만원,
지에프아이,493330,기계·플랜트,2026Q2,2026Q1,0.8,3,값0/파싱실패,천원,
유비씨,495810,기타,2025Q4,2025Q4,7.8,3,최신,천원,
본시스템즈,496320,기타,2025Q4,2025Q4,12.2,2,최신,천원,
크리스탈신소재,900250,지주·기타,2026Q1,2023Q4,60.2,1,수주표없음,"kg,RMB",
오가닉티코스메틱,900300,지주·기타,2026Q1,,,0,값0/파싱실패,,
컬러레이,900310,지주·기타,2026Q1,2026Q1,36.9,9,최신,RMB,
윙입푸드,900340,지주·기타,2026Q1,,,0,값0/파싱실패,,
프레스티지바이오파마,950210,제약·바이오·의료,2026Q1,2026Q1,12.1,8,최신,USD,
